NAME,ID,SCIENCE,MORAL SCIENCE,COMPUTER SCIENCE,MATHS,LITERATURE,SOCIAL STUDIES
RAJESH MOKTAN,6URWAVM0L3VYQCGD5GQKTAA0VG81OTHGPR5FUFRBAD92EAEZBI,51,31,84,34,44,55
GANESH POKHAREL,OVO3N7S2AGU5HDOIYMTW3HOF9ENEV97QY274AIJLY9V2VK51ZK,87,67,64,77,47,24
ANJALI MAHARJAN,K4MEOLKI8RU4QHIGULAPGMOSZZBBSOEAKXMWF8TNH8D8L0DNTK,86,68,66,52,51,32
GOPAL PANDEY,5LXCWA6AK8PX1XNYQNZT07K2H8173GKRXR916QE086568I8YDX,78,25,35,20,58,90
BISHAL SHAH,FJUX0PFE40WWIU8QK9W4OGD0RCRV40FSIELZNYC4PHGR5OTO57,60,48,15,70,91,82
KAMALA RAMJALI,06IJY36HJC5X1VJ2RP4UDLTCUOXBQK6T0BY8KLT13UA5EZLYV8,61,91,97,32,99,36
NAMRATA MISHRA,LS2ZV5BA3ZOXUM310XWVF4O17NA09UBKRP3PSVYWI1HD1HP05Q,18,49,37,71,74,91
KIRAN BHANDARI,5NOELC0AU412TQJCZLB0B24TFPSMQL5P48EXR4NA1R44VMI7OJ,42,94,29,78,70,75
RAJIV RAWAT,EWVFMYAWBW6K8NE9LULCC7MR3HNFTSS8QSAZSUXR84Z91LY2SD,43,15,90,25,72,100
DEEPAK NEUPANE,QFJHBE7AXNTB84RLW5360R67HAL3F1A47XPQUUX3CEQAUP84TA,100,38,23,19,15,82
PRASHANT PATA,CB0OAA9NTO5PAWANJES3ND91KZGJDGT7CGP854SQJRQN0W34XA,41,30,45,47,22,67
PRADEEP GURMACHHAN,5DGQ0S7YQ6SK7ZHB9VX5SPN3AXBYX7UXNCY79RY97ROXCQ2SG8,50,89,78,68,39,60
TARA UPADHYAYA,D30GXEXHG8G7ZEGNL0PPMGQSMBD2LG8Q45J1XM1ICR0JIOVPYB,38,82,65,58,35,25
JYOTI PUN,Q1HCGX04ZVN0LBCM1HZAINU2O613OM71WU2179LIHAJYXGYRXN,99,18,69,76,38,61
ASHOK BAIJALI,0SEH4M5PDSFXOJRIJHKNT54PPD5E7CKKD2URDC3Q92AAVEPLLW,27,30,63,47,56,41
RAMESH THAKUR,AHBYA79Y27MV10UZJVBGT18HQOE3I19SO3LQQHWW2F2A5MA22J,32,34,88,29,69,91
ANIL GIRI,EJ5YD3AOKL3O9UJUA8A8JXJAOF0BFEZ8UR2HWB2SJ08R109W00,20,61,54,75,100,97
KIRAN UPADHYAYA,NNP6SUIWZCURU80FGQXCIVOA133FN5ED9OXOK1PUNTEPPIXE2R,55,75,66,23,54,49
KRISHNA LAMICHHANE,VZC0BA4MMNN9ZBN91GF7IPKX3BDPH0MA9DFW9F9M927DF149RB,74,64,47,67,25,75
MANISHA SUWAL,FS2YXD0V1HTJXKE9DVNCCNN7YSSWAEMO4KZYO4UPBD1XORVUVC,57,97,70,90,29,72
SURESH CHHANTYAL,2N48KE12DE6JBG0RJQ4NY4BBF6TGES9BUF1FPI5E6J5ZDAMI8V,52,92,19,68,90,93
SHANTI MAHARJAN,419BHX2FN7UHRBEIQUIY4OZOVD8MUDS4NPOVK3TAYASMTTX042,24,68,36,34,93,79
PRASAD CHHETRI,QWXG06ELOOZ6GAVTUHOKR2C1ZBD2W2JEEKI9UBZ0ZX97M4V8VK,99,53,69,40,53,44
PRAKASH SUSLING,LR9F3JHBA93IFBV3XRBZMK0LBCPTKQZ10Z5DPRRE3OP042W5AO,76,35,27,43,86,62
SUMAN RANBANSHI,CT56HWM5FHS6EBQSLLVAA60YKCY6RUWHYHMHQEHU49SNWOL7GH,45,73,85,86,27,79
NARAYAN PRAJAPATI,XDF2JGYR8LU3UF6F70DZXZ3YWH65AWO99NU41CHX13RHKHIN2U,44,59,38,72,86,25
LAXMI THAKURI,R58GXQ2HBSDYZR35FIH1U0Q0U652K98O9JEYJXGX21162973AB,28,48,71,82,56,29
MANISH SUSLING,C2L0AX96H757PNW0CV2MA82RYEL70T6K17AG8PYANRRT2ZGK9G,82,49,74,28,45,86
ARJUN RANBANSHI,20OCS8JKJ7Z4X0ALPLW3CYHKACB3UQ53VMOPVFQ8LO0641H07G,99,81,46,86,89,49
LAXMI GRANGJA,65FFBJRQ4N8H2GF41SPKVAC43LCXC1GV4OWXUZRBENVUEJ1KKE,15,29,72,30,28,93
NIRAJ RAMAULI,72A9MZ2KFE4WWQTNSD02NABV2JVO2BO3PX0VGZ0HMGBUHAHXEN,79,40,98,32,89,73
MAHESH KHAPANGGI,AY58W27QJJSCUQJIAXICW6M4ZKDQ3XZBG6R8N3DRCWSCHOOEQI,77,94,67,51,61,88
DIPAK BISTA,QRSNTWWFQSFHD18LGPRU3GJ8NYEJD6Y47R394Q093MVH2T3WV0,49,30,35,56,73,36
SHANTI PULAMI,ZGIJDJPBBVK87A906APC1HIXTWNMZDLPX5LI351KXBV1OQAMPB,72,98,29,43,38,84
MADHAV PULAMI,X2VV9FNFP6RVPGAK8D1D9YKDTNT7Y4DCELRG68UFHEBNZ1QKLV,40,39,47,59,52,65
PRADEEP RAMAULI,1IKZJ2HFCLW6FZ00G0A8R8THAHDDK2UP0505I6UWUM7P421AHK,65,42,62,100,77,39
ANIL BHATTARAI,R8KJIJHJ165BMDSB5HSYCX8V50LR9QSZGIVTX9ZMOUUPXZWDCD,25,56,63,26,84,86
RAMESH TULADHAR,X1QYDEV1IQ7T9YV6CJXOPASC4OUJWS1O6Y1OUM6VU1OVIN4WIS,75,23,45,56,86,21
MANISH GHIMIRE,TRUT86AFILKII6K1H23TVREFLQ9OTW8QTPPBGZKSCOL3GYIS7Q,55,87,72,87,61,51
NIRAJ POKHAREL,91PY2DDL4KFV6NR2LXDCHVTCUJXZ2A5W1W8ELWUK80FUMIBHYJ,84,56,92,71,28,58
RAJEEV MAHARJAN,DWSX2ZAJU0283HTHL1ZT6G5LJMV4WZCHK0JT8JRS0N10DGONAV,46,22,84,28,38,49
KIRAN ACHARYA,HJQTL6B13TW2SL8AO9Y4WD5BHANKTY4U21B6N3KSXRLEK6EMQ2,30,39,82,58,51,88
NARAYAN SUWAL,89TYKQULAN168EC2ZKSA13L5VJ6U0FF6B29IAJE2A9EACLH1IL,97,39,85,16,20,60
RAVI ACHARYA,QH06DHCZ0A5ZY2PCCZSPVZHNE0V5IRQ8VKHNQH7CMCO59XK7JB,81,48,25,91,64,40
HARI SHRESTHA,6T6DBVOL1ZW7N7J1UJEXXJR6F9LI38DDQIDQ4JKMNCTDQC1747,52,32,93,53,91,65
SANDIP THAKUR,HGYBC911UY0S6TBI0AH7DXXD6V7J851V9XG7Z5Z6WEXZI8DXPY,82,52,17,75,42,92
MANISH RANJIT,2LMH1NBU5UYUFDX92R9KDSIX0M8ILJA4RKVYGMGR5A20OTWQWC,28,40,25,89,21,62
SHANTI DAHAL,LB0ZR6ST6VG46J5YVHE2U6X0ZMUKPF2VENZTFTQ41215EXDVUH,75,100,18,58,95,20
MANISH MOKTAN,K1SVIKF2IRZNYMM37XPJTBZV8L1Y364V29SJXYGJ6VHUHV4X4C,65,31,63,90,59,57
SURYA RAWAL,DLJH32AWTDA418I49TVCRFJZSI598571PRXMKM7HRM11KUJ4VT,30,67,42,82,45,32
DEEPAK JHA,U8538E5E7CRFVSXBMZIH8VDUPQ0ZLZXKA3IWJ7VS60EVOJFTP6,81,73,79,75,76,58
MAHESH SHAHI,WCW0HAO8M4EOT5Q62F4Z5GSVOERDTJUN2Z9DETUAPHU864943M,71,29,57,60,20,65
ASHOK PURBACHHANE,J1N7H0UXP5NUTS1LJJ4QU44GHLJG6GG49CLZ5VEA5LWM7HN01X,42,25,74,37,20,94
SURENDRA ADHIKARI,84H18G5VN4M11IWB0VRU3PSVZRQEF484Q70IVTWETC8321RZKU,66,31,43,78,95,80
PRASAD CHHANTYAL,3D1JKTHGXEAQBACWQEBH90PJRV5YA23QWCY1IC0ORFL337JXE4,78,58,45,33,85,22
PUJA SUSLING,4V5QMM3K09T5055VXFSKFVSRI17XIFIU5JNPWEAEPU8OVKF5R0,67,62,74,51,43,97
SURENDRA THARU,R25MHTWC8CATKY6XRLV4Q74RBR9NLO27W345GP0IKSIODVV966,91,24,35,19,59,78
SHANTA TARAMI,PU3RF7VGFSC33U352T7MK5N4DATZZ3EAH16U7D94CG3FB6LTTE,82,41,58,87,81,21
RATNA PUN,BW3FJ0YW1TDG9PW2SHAGPP8J8EPOMN03MIBGGCI8B5AXYWJDIQ,54,75,71,88,26,29
SUSHILA CHAUDHARY,DAQGU7V9H37SJ47A06DHGSPN6Q3UIZJX7S5XYR7A1BQXXC4V4B,29,64,61,25,71,48
USHA SINJALI,6R6Z226C7GGDKK0I336GL8YIS6DVP3U43QTDXOY5JY2JH96ZXN,88,89,24,67,95,40
PUSHPA RAJBHANDARY,EK57MTRT5GS3G56WDVJRVISIWH1X7NB3PW2OJHFA7Y1WUP0UXE,100,32,24,20,80,60
HIRA RAWAT,V1J1IA75U4VBY6DMPW5RHZGBSG7MT6KPU94QRRQFG2H36BWKDA,33,82,82,99,100,50
PANKAJ CHHETRI,U4KHNV2MHGJGJ6A6T6T9MRIW0PGHD1VMTCY3UWFZ5DOJRITEUP,89,73,83,35,34,70
POOJA BALAMPAKI,WLCZAV8NXDJ3P9WRL2A3UKLX4ZMIP21PAYJ7GWX3QQOAHZP1EM,65,37,69,87,88,84
RAJEEV BAJRACHARYA,V4P30T91UAYZTOIU8UTCOGED7NP9X83FAB37TC8G1ECD29SN7W,92,70,67,59,19,30
RAJENDRA THAPA,9CSXCOCXN3HADB6245SZ1IS3F5ZAJZO83OKE3Y13EG2GQG8P30,49,77,72,29,69,91
LAXMI CHAUDHARY,EAXEKC6G505GR3N21AKRLF8CWNC4M72AS3QFA7JJHMWU63WJQI,40,52,66,68,72,81
KALPANA PRADHAN,4QJXRXRVDFCIJ5SH82H9DDOF15XIWSVQ7VUQIM8PC5EFZ4O0DS,37,92,26,90,71,52
PRASHANT BHATTARAI,I6VJHBS17S2E5FHMG0U6FL8HJ65WOKP9I22QN5PL0CAM8Q74D0,45,89,48,21,23,92
MANISH BALAMPAKI,5SLESO67MGD98RGK6KSSGQJEJJYQLZNL7PDVWCTN01YMZ4DATS,48,85,86,99,79,88
PUSHPA PHOUNJA,TUUJ06LSDHKCNU58BX5QAQUNEIA4FNM90M4JWD3M9KZY1B2OSX,95,26,21,41,98,65
SARITA LAMA,I6AF6OTYQT0PAQWLW0MW9PZ84I7XP1C2SJEMZVNJ8A9RPG87O0,47,50,33,84,81,40
PRASHANT DAHAL,D85YZ5JNSUQQF9GF6PDTK39ALR65IFFYESKP6Y6W8DOVYNNFOV,29,96,90,96,44,71
RAJANI RAJBHANDARI,VGHM04VRAMOY3XN11OU0YAXXIKERKGQRB4UFMACZKPXRAK3OLD,97,95,89,26,60,65
SUNITA RANA,S4MW5BT6H8WRK5UK9COK6BUBY57EPWF3HR8UFHMHBF9OAN8WQK,44,81,57,40,60,95
SURAJ BUDHA,9JXTPHYKTHAT8E2TJCQKOEBYFHQT9NB0XV65A18VQHYTYI9XJ1,15,58,69,23,28,35
KISHOR BASNET,7YQASXUNZ9BBNJN79OI3NK0KQ4WEG0HL064ZSCKND5ZS0J7WMF,21,49,57,91,66,57
NISHA SHRESTHA,YMOC2X85IN6SPJRWVPG0BZ7W1UX7ASC9L5PASHCW1EHQ2MDOFW,66,97,67,23,88,32
SURENDRA RAJBHANDARI,CWO568Q9ST5VEQL9PCJP1UTJXZO3A3MI1DJR9IYELXX90K8ZA0,21,36,60,28,44,51
GANESH DANGAL,RF14XF2YQWNR912H2M34EEJ86VFE06M5HO436HQMHSBY432CM6,62,77,56,22,50,70
CHANDRA RAMJALI,PCRFN7SZL7GLCHL98R5WZG5W85DIVYNNLKRFSB0DGMS4HSJLT8,25,44,74,39,70,38
MADHAV GRANGJA,N0K2140KQFFWV3YMOZCEMJTN6DFOZK2EBS95734O4LLW0UISQI,96,16,71,58,58,83
PUJA RANJIT,W7E29ZHKED8K28TNZQAEYB7546VO41JLXSAQF8BESHJENRI3CP,63,19,61,17,54,56
SURYA SINJALI,A0RFCY3RU5N58C87YB5CFPU35HMUIPUSAYLVF25L5CV5EHWQ39,20,58,85,58,92,88
PANKAJ RAUT,12M8SOAO71F67NXVTKO7RP3WMPZ9MQZ9UU931DTA5R3OZJ7QNO,19,37,68,19,55,75
SURYA DARLAMI,8AXXQRX19NG0QKE4A4CITIVTJ6XNBYT9I7N9VC9FBPFRG5LH9Z,58,59,59,89,64,81
RAJEEV GRANGJA,N9X7L3K64PMMRYTBGU6UWQT4C5TNJ11MS5YURUOLXVML1ICJ7M,82,31,18,72,87,71
PRASAD MUMI,85W1DZ5Y1YR9ZSR75LVL63YROU3PLU69ZHK3494YJ6SVSOVIM2,64,69,57,65,75,87
RAJU MOKTAN,URR2IAEV5KID7TOGMN9N5E066SL1RRMUZ5BSTNGX181PI3RGMD,74,15,54,51,33,91
RAMESH MERINGCHING,E1UP2HMRDB7SNLBMR5F4SERZTXOM9DZ4N12L3WULKO87NMKEHU,66,16,28,27,56,59
GANESH LAMA,F0I7L1VBJ6KHZTYFXFCJP4OGDB70NWHRK3SZL3AE5NS83GUV0W,87,32,83,24,49,74
CHANDRA RAJOPADHYAYA,J0295JEUCU24312ITRPCNYFJ9WVOU864B8CIKLYM0HKRWTBEW4,47,20,46,36,22,32
RAMESH CHHANTYAL,KZTBIESFG3VKK2NTNM83M6SV8MB4VMA8WAMA3ZN7V7C6BBKED7,42,49,77,32,36,31
RISHI GIRI,USO857UIKMAZX1KC1CE9PI3PTS7IRMNEQ8TOQ3ZSBEG3E3ZXEV,29,52,24,35,41,75
RAJANI AGRAWAL,S16FE03AN2Z7MD9P6T1CHK1U8UX7XQDXZ8A3B0W0BVGDVBABC0,24,31,17,47,97,36
DHARMA PULAMI,ADMHWTXOBXJ7QAJREJ82RMZBNV0MHY163B0TIA2MY7LSO6FV6N,63,80,92,26,59,44
NIRMALA ALE,STK7ICWT4MFP8UKCIJKR9BW0C1VY2XQCYILGLVWY9HCIV1EINU,28,73,51,50,81,95
SUMAN PULAMI,WHIBDJCHX7H6VGAAEJRA79EWVHMISPT9BJ54RZXM5K85S16HPI,56,28,91,43,99,58
RAJ KHADGI,QLR9XHG7WZXVZFAV272TFIT9470FZHZKUL9BIAXN9VE4ZYBV75,56,68,96,99,62,36
RUPA TARAMI,DGU2R4KQJTL9KC4136C2IJQ373J7P2PN4ODBJP2HBKUXK554C8,44,80,30,98,47,25
PRASAD RANJIT,UEE5052NEHAV4J8JMDF5TPL674DJF7PEESV4GVXVRWWP40B5ZI,95,47,20,83,70,38
ROHIT PAUDEL,HCFLJNLRDECM9BP2LHH8Z8PEMOVMWX5VYHTE6B9P8ZRVM2PKAG,59,88,84,24,89,50
RUPA RAUT,3JOLRXKSD9VCLOG3M11VXDZE3YM8LII350RFVGR6JXBR0ZKEU6,78,90,23,61,79,53
PUSHPA SINJALI,YBUQ79KFTZ3X8Z4VPQBU88OE3V4TZCDY577CL86QGUGQUJ53PO,64,56,31,74,19,16
BIBEK GRANGJA,99GP53KFR6OUVQAT38WD1XV15R9BNM4SLX1WBDULA7K94FHYZV,60,51,62,38,15,69
KALPANA GIRI,ICF0HXZSZOBBA25YF4IBKUZAWF9R36F93F5DZZNKA6WBFUJH91,24,97,56,93,43,36
SHANTI SUWAL,5NO7QO8RK5FVFH50DXIA8DB9IJWNC3QO5ZX7AI7D1H0SUGTDA0,72,61,96,36,31,58
LAXMI SHAH,9K30T43RIWR68SDYKIS7192OME3GCIFY72C11AJQX68CQ5NXQ8,45,17,19,80,43,36
DHARMA GHIMIRE,URFLS1KIA9KK163T5E4H2H1YE3Z3N3VTSDNT6KMO1N48X6U08L,27,33,94,41,39,93
PRAKASH SOTI,2SXQFHPBNC2BY1EZMOTJEY730GFJCPBWN6G8B5FNIVZ1NVOCHU,57,95,36,34,35,16
KALPANA MAHARJAN,7TREG84WKRIH6M63WM1MTA03R1DMO04F6EVG2G45NNELE5CHGX,87,29,80,20,63,46
KALPANA JOSHI,OX4C8DTRW761ELRNJFBCSP831TILQ8RLHR35IRL24COSBQ2M32,93,94,20,58,59,50
SANDEEP BURA,EAE7YL155H52S7XPD0AD18FFURC6K59XGN6DDO2XE1Y79BGYQ9,61,16,93,44,19,44
ANIL CHAUDHARY,GWFF0XAYN13LDAI8GMF8NA3HTR4UGHVWFMIU7GO3DQX0IO5MQV,19,68,39,37,19,18
SITA SAYAMI,2X5IQMF2M0JGUWPU88XCCPEZZ82VWISV5W6VMWLN878B46GQEG,29,21,58,83,34,65
JYOTI MANANDHAR,FHBQCLUPRXIPTHGW3WOQEYU74M3S0SITMJE35YEWBKWTUM58TJ,27,69,59,79,65,87
NIRAJ SUSLING,MZGPKBXEAO7MQEE7V7OGZURY7TWQEZ25PY5F9BA1LEKD6V7FRY,51,70,60,30,31,73
SITA BAIJALI,BHCVKZYC94TS6741F7CG65HFZU23BO3ASNZOILE538PLKX3GMB,32,61,48,57,60,68
SUNITA NAKARMI,VASKCG9M44NM7CO23FEFGGR2HYOYXPXD9T0L5X6VYV7B6RLLZK,67,63,68,81,32,59
SHIVA SHAKYA,DCBYV8XEP74FFUZ8LXFO4JD18TXR4VGR7V5V9CRPOAYGJQ5N1A,24,59,19,90,43,62
LAL ACHARYA,HFO4KLGPVEXQHBTK8Z3PLW6CSE93C03HZT2ZVNE5Y91QPSCKT5,22,90,75,31,35,96
ANJALI UPADHYAYA,ARJZWKM94I1NCEE8OHECBSNXTDY53UNHDYJVAKN24QWFYDKQJR,45,81,58,78,20,98
SARITA BASNET,UIYDMW3QN7I6WLM5AS1MUM1D50123YC2NPAYMNW79GJJX9EN23,90,83,88,61,70,19
PREM BAIJALI,BAH6MEKFJ9DKQ6YR712A7ULG29HONLKEOODS0VBAU7IXP9B40K,60,20,65,97,97,87
HARI GURMACHHAN,MM8MMEPYDTSFR4F9QQ5UM38QS32O8PSACR39WBM93KH456AKRZ,78,91,63,31,25,42
SANDIP BUDHATHOKI,98K50OXQ4BY9229KV43QREM91N59R7AHXZ31OJ1O438GSRMGY1,100,25,38,86,76,46
SURYA SUBEDI,LRNBU86PKNDDKNDT5LFH4ZBWO50WP971L058S6SO05CB67ULMT,61,21,92,99,70,38
JYOTI RAWAL,ZAN70T3STGISUTW19K5D70HCWG9QX3SZN3S4Z2C1CIYZ3FBAUF,83,78,96,76,94,75
SHIVA DANGAL,HQH5YWZHPF7FOF6IK0I2Q642RCMAA55OCSTLQNDFV071WY3X84,46,20,35,29,81,82
PRASHANT GUVAJU,ZE8I19GZXCPAZX4ZOLZENKWN0KGXYF32LK33OGZN69GMS42D3F,75,57,60,73,50,81
ROHIT PUN,L7H8Q6CH6XH47GU4U9D9O28ON5OITK2XFEU7X40W166D41ASG0,34,39,47,29,87,95
PUJA BASNET,P82BP69DTW8AT8L2NT7UKZ2Z4JCD5FOZ2KCHLHH9BXH8K3SQ9J,90,70,64,100,73,89
HARI MAINALI,CFZA5PE4M1W2XILEM5D65V8SGOKRRIO6ZGM617KRE1918CAG7H,45,35,93,63,20,16
SHYAM BAJRACHARYA,X16D74EUJSLB2C5C3V08MYXJ6QJLCZTEUJHEM9UJM7WJEB0HXU,96,59,26,97,36,65
JYOTI RANA,OU6PET9AL8JX90IAYXHFSNOSW78GWJIH5LP272MD1LITOMYY4E,94,86,60,83,71,62
USHA MOKTAN,KET4T8N7WV409ZWG6L7OOTEO4ALOV0P182ZATY61CMKX7HK5MS,66,92,72,79,38,27
ARJUN PURBACHHANE,D3KEJQ5ML2ORPZS2JV3RZP12MF3ST9M9MEUL44F0KR2FWHOEEO,56,74,43,51,27,74
ANIL LAMA,VZ0XBDOR687S3LMK9IZ3N3RACFS5HJNEA1AA364RM6CQVS2TQD,29,33,31,73,57,56
CHANDRA SINJALI,J8RZZT7FHDOMTVQKNMG7NDCIODXRZW5RA8W0SZLIV750QOALUI,67,63,55,17,84,64
SHIVA DHENGA,V9FYSZ5F9MKYHZPH1SY01IMDEIXS3X13E6EIF85YBZOES3YOCP,37,35,21,43,35,55
RAJEEV UPADHYAYA,KAPDP5XBPQABSJ8HWSDNZKAOL6M5PRPLQDJRZDBNRCA8IHN6OM,48,76,70,39,57,98
RAJU SHAH,4CEQ8UYJHCO2OZXUFHY0DWPT2SJ0NJASEWN9N1VUMVFGVH6PPI,66,93,79,26,91,68
ROSHAN RAMAULI,0SYVKG7M52O6PUKJFNFGI129U66TOQL6WC21CJAASU8A34SFAW,55,25,100,41,46,77
RAVI SINJALI,1TF9F67509D08SL16YQ63ILWV1QSGNAZMEWEI01CFXUD3D9A47,95,79,30,77,96,92
HARI MALLA,U9MK0Y5MMOHVXSOAMG1H78GQ4IZ0OX87MBW4U2QJ2DTLR3MPEY,26,70,74,31,52,90
MANISH SHARMA,5G7ZC562SQ3G44SI0DT8EJKWANDLHVSXJLMQ83SEYY675MQNMG,30,31,26,80,71,86
SURESH SAYAMI,HVTYRJ8LPFVIGVPW37L5FN7X0HBAM4IDJYK2F9XFNFQBDI1VR2,41,47,23,72,96,66
LAXMI PURBACHHANE,NSU54NEWAAJX0U6GJV6JGK33ZD06BLQ1SMHIGKIK8NP3M93IPI,82,82,34,39,96,61
LAL RAJOPADHYAYA,JE06EKG0HO5RMVPEL0RQUXO3OQS05EH136CS0HJI87MCH8EVUS,50,86,91,44,53,64
PANKAJ MISHRA,170QKNPM8JF4I444KI9U3CJ8MP09NAAJRCE8VNQHHFJ4WTTKQE,16,49,87,71,89,47
NAMRATA THAPA,LZS70ROXJNLPG4YHLDSTWO6UJEWXMW860QRXK44N2WEXMPVANT,82,44,69,79,31,91
SHANTI AGRAWAL,EKDPS6VXHBIYLZ36MNNJQLT3SRVPWQY1748YTGOCX7YZ43IIYY,84,18,95,22,86,75
KALPANA BAJRACHARYA,0PRF6H8B5HNZV2ROUXWY7ZKR4SJN2JJ6E377F1TVYBBA8YTK0P,98,15,66,95,51,86
PRASHANT POKHAREL,ADJWTO1CI9U8SJWWFB6M1QWW3729EMG401WH1Y90STCJBC4GU6,26,23,33,25,71,42
HIRA BASNET,QS0XR7EQES5DQML9IO7144E96MHIR7V4WI1ILTN0PW24QV1Y71,44,93,19,17,25,38
MANISHA POKHAREL,E4A1AP4Z8Z6EESNZ8JZ1IAO0M1IQ3DA5IN2KP606HRPBFKSI14,40,93,60,66,83,56
POOJA TULADHAR,FJYNO1017656MYVM733SO0LIO2NBQBWXKADB91W9J3N7EO32HL,72,25,68,50,25,24
PANKAJ MANDAL,WP474FFCN3HQ1DOTU3BH0M2NXIW3HN742D64D22S3A8IGCA9UJ,86,57,90,43,26,80
SURAJ BUDHA,XYLK8MAGIAE4P1ATCCAD0DVO5CREMBC8HEMI1Q72C8TXYWUBKZ,52,15,58,70,78,74
GOPAL NEUPANE,TN1YQUTRALTRBVL3XXHA0N6Y4NN0SKT7Z92DRUIGAXYW8V3AYT,95,38,38,40,42,63
PUSHPA NAKARMI,QNNH8TZTCGAOL48VW1HE22F78GF0KOGDB1323VQHWJLS2C5T5I,76,51,58,19,32,89
PUJA ACHARYA,Y4I5G96JZF0271O4OUK83TH69VRL4JNAJVXXNHYJN4Z5VDXT90,15,23,97,93,64,63
RAJU BASNET,6XO594N3E0ZB1C6ILP17Y1IY62L1ONS5DF7EK8DUOUHUKW0VOJ,84,87,36,25,58,80
LAXMI MANDAL,GR6L45QI1MSMKBX4NE77N8MUZS3D3E6UPO3XIMY4DYFKB3TAE8,76,47,78,21,87,37
RAJENDRA JARGHA,5C0P9HE6LSPCHL5H71BOV1T0S0WXPL7UVZVLB4YC53BMW57KC6,50,29,34,98,43,25
DEEPAK THAPA,2144YYBOZ10Q7E8KK93QVT4B4BVD2XNHP97O3ML7CPTZTTFDFM,60,19,99,20,32,32
RAJU POKHAREL,LJNQHMTGSI6GE43S6GDFTSDFGUHWEO9XD8PC6KC61MH3RX1Q36,81,62,90,33,51,37
KUMAR SAYAMI,DXCLTZB13XBJ65UAR5LMYJ7RKXBNAANH4C8VTSAWVXS7AVZGK4,62,31,44,18,92,74
AMIT GHARTI,U7Y7YJACUVM57RBG1YGCUA1K18H6XLJ77LFUKQ34WYDI191D78,68,100,28,84,47,85
KALPANA SHARMA,2NRWWH7X129FGWK9LKNNAOXUNQX0RNYKZDXZAER93YB58SRYLS,35,36,80,91,43,70
BISHAL GRANGJA,W0U2LZBYVFD9TI7DIUPGRGHRDD9B3THQFXC3RVLKWGTVV9KA8D,94,81,34,68,46,67
USHA THAKUR,QUB6YU6HN2C4U56GHHAYEKQWSFEEPCI9XB9ZI07FZVEC9DBIKC,46,56,86,90,82,26
PRASHANT RANBANSHI,2SCPR7N4PRZRX6LHT46J3GEHMUEISBOOCFRP3PHXABYRHVPF96,26,45,87,43,75,25
NIRAJ AGRAWAL,4P3TFCEP0VWMIYOVN79BDE8NQR8VJI8XVUDMV09FDIVTJCPSG8,89,74,88,91,86,100
RAJANI GARBUJA,C7IMD5S0WQT47ZUURMPJWL6JZFY9M4T5FO71LUCBKA65CFD3O3,75,71,74,41,91,58
SURAJ GUVAJU,8SBHLSH0FPJQJWMRKGGXM99VLGKSRIG9IZUJRP1TR4LMG6SW1P,58,31,88,51,33,48
RAVI PRADHAN,6U6KX81V1HUYE28QXSMELXT2IKGVPPBR6E2RZPML03BTAI22OR,78,50,32,72,80,72
ROSHAN DHENGA,QW8LJKP8H8B3QZEX9S3BF1G2RHYTI2G30JFLL9BYTFO6GTGA5O,46,33,100,51,98,72
NIRMALA PULAMI,U8ROFKW6ISV1O7O0UZSDEQ3A69GBG3TE1HGH2MG29L4JBFUH3E,87,15,97,92,72,96
AMIT SHRESTHA,56BH7JVNXTOKKT1UYMK34B9TW9Y2DQIVMCHQRQHCNT8O4088TF,78,99,21,58,92,99
JYOTI JOSHI,SBLOPRVKRCI1B6PNZFDPNQH70HUVN97OKT43BN80Y9TTJ53JVJ,63,51,87,95,83,88
RUPA RAJBHANDARI,KO8IJ6UN15BSD8D1ME7HV142VHN3WPE5E8GIBNMCCFOEPPF1AS,60,97,18,31,42,62
RACHANA PAUDEL,2P4EWEOV0MJ2A53YX89SNVFPF78GJVOGW2QRI7PQBO1US21BR3,57,40,21,63,47,27
DHARMA RAJOPADHYAYA,G8C4OIV3HWY4BG945UUSISNE6K4XPI5051V3P4M4PI73RCVNCJ,91,96,44,63,63,89
MADHAV THAKUR,MX9S5QOPNN1DEPCHBTFGL6AVL4CEJH68YJD1VLRX4FUU3BCXMW,90,16,33,55,40,50
ARJUN SUBEDI,5LJ1E10CL25Y8NPVK4KZS334DOPH7XS0XFLU9I141ZNWEA4GF5,43,87,82,94,99,90
NISHA KARKI,DHJ10OFIDNU2IMNCKEP40YB3T9GZQA196PUBSLAS1KEI8IIIJ9,67,77,31,38,26,89
SURYA THAPA,77ZXDJCDJ0JM8YR3ONB75WCBGEHAYA171AM2CYZVGW6FXXCSO1,55,76,70,54,80,23
SANDIP KC,0D9TO22J5WMYIRN93Z2EXZXBJJ6N1LOMUZSZZNZF2APGNJG40R,61,64,71,19,26,16
RUPA BURJA,DWU23M0CCYA4T217KEAPRT5WUM2NO3BDD8AA7O9OZQ7F821BCN,34,48,99,96,68,36
PRASHANT BURJA,VJQKVI0R1CFQ288KXXRSW6IEHFN2F2A7QAXTNBWOK3G3I0J2TJ,21,98,41,91,74,53
NAMRATA GHIMIRE,909I51U3FR439NMS9SLU2P7G6B4S819WI32LJM1LWX4EY9WVVX,37,75,52,97,32,90
SURAJ RAWAT,3OE05OH3SHP4YEJKUYIWXAYCYBC5VC2M4IE40C7281L2ZXCNE8,73,41,63,42,80,91
PRAKASH GAUTAM,DS9A2E8NUCAU01G0L16ALA7HB5UM3DB0S6FYYJYXULJFHCET8M,98,34,90,73,42,93
PANKAJ MANDAL,T8DYF2KRU9PO5JDD6NWA2D9QY1MSUBAB7PVKTI5NTBZ8BFLEWI,28,48,90,17,75,55
SUMAN KHADKA,D11OVDX1DN5D268YXH67JZ8NB2KGFX5J96E67WQX11PTFPNFU7,47,84,68,25,27,96
DHARMA PATA,2LC6VNJO0F4526NUPV7F1JMF96RRRK1H52ESLL8CMFOBN4IYGR,46,16,70,84,69,79
LAL GRANGJA,XQ1PQM5CH17Z1HS0BZCOLTBOHQ5BWZN8VQJ8K1EF45W8PKIQF5,29,45,41,21,98,85
SURENDRA JARGHA,5PHOK4EWU26D1YF3ELBYN83FCITOQAY7WH64WPEHIE1WJCDD5G,21,27,77,52,100,60
LAL PULAMI,9STLBLONT8KKTIHWNQ055P8YEZL07JU4EMTEME6WJBXTZ61O22,85,81,85,24,15,48
PUJA MOKTAN,EWV242F0CP636EHHI6IXBVD7EZ389R4IJZAJ3PRFIZ8VFYCXD3,69,54,60,17,49,41
PREM ACHARYA,RUGZ8TFKXFY2V16ZN5ZFOGLROFDTCRZE2LNY00NPP9ZLYE66NJ,33,53,91,49,22,74
DEEPAK PAKHRIN,Y7LGHXASMX48EY5JUOT0GF8HZJPKPXHS6V2O43RBVNRGDG402O,60,19,53,64,73,92
ASHISH PATA,YS91PEUOQ1DXWL3HIG7MCQE5JU4X86JHL3CXF8QBIK77MG57EZ,26,25,46,62,36,97
MADHAV BALAMPAKI,D4VU9Y3PE9VSR0XCNAQB7EF4I85BKX4NVXMRFZBYZFB7W9PJB2,58,55,76,29,48,62
PUJA AWAL,NLY0OWIYB77DJYSLJQJRAI7ZLE78HDM41MJTJ2JPFWK07GVIJK,94,76,96,37,57,46
KAMALA BURA,FO94OT4A1I52HRH5ZSZ7KJ9L0AJZU8DXHQO3ERLZJGTZHBMF3B,64,97,24,54,89,26
NAMRATA KHADGI,2MKDWM1RB9ITONAPJRG9PTV8KLY8O1N79Y0TORH6COCDT3OPUA,21,96,21,68,79,90
RACHANA DHENGA,E1KUUDZ450W5K2NZ09ROJ74G9BJCOM6BO7FQOYVLP6JGX2593C,71,24,45,28,21,53
NIRAJ BHATTARAI,6LL68W7SORY14RS0G0RYCF6HJY4A6BIUG987QW9P14AJ7TDE4R,39,93,79,91,35,58
KIRAN JOSHI,0HRLIX18L36EN25EOJVBRHFT0WQFFVVCJ6E2YAK88UBGA1OEZN,99,47,94,72,37,55
RISHI RAMJALI,TM4IAKABTADGFAM331CZ4SDS5LC5GNN686EZCOX4INSKK1TQ9N,53,99,38,23,42,22
DIPAK BASNET,4GNU0OFGP7DR3V2RC1K1HDQFLQKD3UAYNMHPGRFQFDZ6G4A41K,79,30,33,24,76,77
MAHESH GHARTI,L61P4UQCCTFS8VZ31J1RHZT0LKWFUASF29ZZKGDYDGYWLLY6DS,19,69,70,30,95,22
RAM KC,77EBV02WB3DKTMWY0EDDR9NBVARDPYLLXERU65NBUX2EEO9P6S,96,71,78,92,72,45
LAL ACHARYA,3K9OC8SLPYV0PR3EUIFX11CY9ZZFZJXXWWLX00P2ZTA48YAYWQ,80,66,85,99,42,100
SHIVA KEPCHHAKI,HLWQHXAHYPC5GPIOJLZVH3Q1K8IVNLY0GWB9KGDJW2C1FAZ5DH,31,46,56,66,56,89
LAXMI BUDHA,F7K3I43GA3W6HLDYBY54TQPBHAVYMKC3DK7CQ1S312P3G7LF5C,36,73,21,29,22,52
SANDEEP BASNET,12PUM9GN8ITAPO90DAGFGZPXJSJOBY3DG43PYFZZKSAVJETDDI,57,57,50,55,100,54
ANJALI DHENGA,1ZGNTLFY1ZGB9FKGIFRLLXSII0CQIYE79XTXWW3PVZVEW2ZSHX,46,45,63,63,72,77
RAJENDRA SUBEDI,K6EYVRM2RDLN9CETI18BJLI3J2UUOG5JEHOWE1Z0JMAHZWR3AX,89,46,50,57,69,62
SITA RAJBHANDARY,022U5OHNB7Q7N50LMJNWXZFG5YJ6EQ7K0QG0Z8SG5JA539BU6N,15,87,76,57,69,99
RUPA SHAH,7DOXRNAO1ZM8QWRFEM7DV5AUYR80WWOWD0P37IB23UJB9UP5GZ,80,90,30,80,29,54
RAVI KHADGI,4OTXR439TMKZDHO2O0DAZNFBR86W0MRNR58CKWDGUECSN7CSG0,45,70,25,20,17,94
LAL BURJA,A8NV8CXSLB00F7SQ7C95CVW5XNLB1YJAXBEN2OLHRURHIMHT4P,49,34,20,17,74,53
MADHAV YADAV,S4TU4CQZXXFAWC839GPE1PV6CJZQ1OGIH09T6IONNFJHSDEXGO,56,62,37,77,63,97
RAJ LAMA,XDEFEQPYRBU14RRROG6EN1Y9MZZZLUYSKSSM98WP33LRGVZF6Y,95,88,63,83,97,80
RATNA ADHIKARI,G0U22L13RLO4HKE8LC94W8WRHACWUDWXLR4DQ8W95S7869Y67M,35,35,75,32,28,41
PRASHANT MUMI,EOD1Y8ISH0FN9J70R5QEQT7BFX2DI8JBDGEA3DK33V8VHBZHA5,34,72,32,76,69,99
POOJA SHAH,8LA0NK96SMWPVJ6FNT6X2SCEKDOOPF4MGIAJY80DALWUK1JB05,25,15,95,43,53,37
SUNITA DHENGA,BFUPLBZQB8SKA75UED1RBF462J9KFZQ5YDKTMW693D7FIRQ3I5,63,24,92,29,34,75
ASHISH PUN,LP6JM7PW6QFPGQ4CX492357G0IIH41K9EDJ03Q0AKLU9GDWZ6U,83,34,41,52,39,39
TARA NEUPANE,AWMQXSEKKG4KJIHPKH41T5VYGHN3ODKKJBBYNECRZNYX8452CQ,78,30,88,84,83,84
PRADIP SHRESTHA,KDSCMGA9U2LVOOEFYK6S124JXHIINMLPYSG38OU7O6ABR1K1BZ,95,43,27,88,48,73
SARITA THAKURI,1CU2J3XLYGENKND2A90GY7BDGM4F7AX6S3IKVW3YJ28BPAVMIP,89,36,49,55,76,44
KRISHNA AGRAWAL,480RFBHPXYY2GXV58GG1OWJQFHESLSG2OIH2KJIZJ0IWCJCQ2D,67,96,57,65,23,56
PANKAJ PRADHAN,MLBFWL6OPC36LGRFTQ3MX1CQA2S9F0M7VY970382VQ8U2227UB,69,42,32,38,83,46
PUSHPA GAUTAM,P1PSLCKWG5Z36AJFF6W6F5CSVO2TACE0KG75HI508VGIKQ0X7Y,56,88,38,92,16,85
MADHAV SHAH,FCNW2WRST8UA1O4U1UFR6NE7IVOW7Z9EFDH6MB3MF5KCWVNUOX,49,33,29,35,68,73
NIRMAL DHENGA,JRPTBZAR63R0U1EVW1TRG5UF7NK8MUCVWGXTTXUUF25K1L3GGT,58,20,90,28,78,87
KIRAN UPADHYAYA,J52PTZ1ZXZLOR5DNP3D6JMKILX2DZG7588LOHFAEU50T4X8RPT,83,36,29,50,88,78
SURESH RAJOPADHYAYA,TFW1R46OBOHTMRMANMJMOBVHRKS8ZNAPEBNH8MV7UR877012OQ,42,23,88,65,92,22
PUJA PRADHAN,ZRLXNKTRB31DJV0L2WVFPKZEXP8QNBHVSQIO2BU2XXCWX92EHQ,49,92,24,55,78,31
ADITYA CHAUDHARY,7OU1KSZAEBYE9IPQSCW1QOG925XHN03ZUSNWU64AOGSSSDCFKA,61,17,99,60,34,22
GANESH BUDHA,SETPRNXWM24PSK75AWADFZE4IHJM2BQUWUQ3TJOW48T0L3P5S3,62,75,52,66,95,39
KUMAR SUBEDI,3HFCH7IB8H7E3JZTVDI0WMV85ALTBW1LY24GTLD8SUIOBALGU0,53,67,20,79,23,91
MANISHA GUVAJU,GUI4N3MN5WJWGSSR93HBOF3CL9J74358JXSZ4RT0CMEFLYDBB7,51,97,70,87,49,41
PRASAD RAUT,AU2A1UMZ9B8BN5ICD8Z03DV6FQOJ11HY7O1K5P1DGF07EMV8P4,40,89,85,71,34,42
SUNIL ACHARYA,ZDO6OGUIKG09HY3L235TZCODCHFPRWIJ7KG9Y1W7AJ8UWDA9JK,30,93,99,64,55,63
DINESH RAUT,091ZH5V89OJ5NQLRYYE469J3LNEZYNFO2SVPPONQSUAXUV4TA2,98,66,32,41,39,84
RAJ RAMJALI,AHF2LFFL3QUTJRC1WSXFU8JS4B0J1TYC9UHSIXUM6WUWMFERE3,39,30,61,80,63,66
SURAJ BURA,O9ME9BEMQ3LS240A2889D77TKQD6M8TXLCFY5NL8ZJM5OAAOA4,30,55,25,75,62,95
SUSHILA PANDEY,550BDUC26QI4Z7NBDL7Z12HWS0WNS96VDSS0A21M3501A9Z52P,63,69,60,99,55,77
ADITYA PRAJAPATI,EF7ECSN2ITYP6RIAXR7TTHTSGAP5Y1OLSJY3UVFO6X5AHLSXQU,74,99,85,25,50,51
SUNITA JOSHI,X2SP6LF93TXDM4YQYSTDPMJWJCSX1OOH0N8GY3HZTTMUS8MD38,35,92,62,33,34,92
SHIVA RAMAULI,U0LZ0MU6WBNUQUNSZPL2RPHLH3DJMD6050GHMZ7LLBIX32105P,55,16,26,70,41,73
RAJENDRA PURBACHHANE,OJDNDZDCVRJQVPYA2K726YPWMQHYOJ0ZPB8I9W009YX66I9G8Z,82,40,32,57,91,76
KISHOR KC,XE54038G291RBOB4OEP1VTQYFYYQY77NWHDK5NSQA0U78WCVJA,53,35,26,88,39,66
SURAJ BUDHATHOKI,GUWEIX8VZOQ4CQYA97BY8TG6TWONJT9NV5IPTUXB4ITMD24Q7D,32,43,92,82,57,79
MANISH RAJAN,BJUY8U9F370BT0X2I7TUHQR309WXQL11I17YXVGEI3XMN3NAEA,89,73,92,49,82,62
ROSHAN TARAMI,MN5R52UX7GI25GSEPVP67P7MHGWL5RJFQJXWOBGDYX9KXZQOQS,40,42,39,86,65,86
GOPAL SINGH,I47WPBSY615RTPK2Q469X4HZA19QT3I8L5RG5VQQCHTMVWNZ93,82,31,89,63,35,81
PRASAD BASNET,TT8YGM9MYXMW29HGF3RZ7ATCM3GE848VLASO8H50SN1221BI0K,78,38,31,83,67,49
ROHIT MERINGCHING,8O4ANVOFUSFVD3RCUJOVJI3XR5JA7R1POE9V9XJZX3ZLV2UZ86,16,82,68,88,33,38
NIRMALA TAMANG,NOJTGVY3HVIINHV2EW44D3PGINMGGQIB0D8R3QSX6HIOILH58C,90,17,46,50,17,35
DIPAK NEUPANE,HWXCOORAETYVK2N9SGA0EOOLVXVBHWFOCLT3RSUTNVHBT8QCB4,42,16,77,61,86,58
ANIL PRAJAPATI,HWXYLW0DIBY1QV0FPT36F3JU4AA1ISWADDKI7J7O3NY0TKH028,54,58,76,37,78,97
RAJIV RANJITKAR,5Z89W8C5H0Y5S2QOOLEYBWM5CQYEPRGIVT39JJ3COQPUM8KU3A,29,59,23,19,16,90
DEEPAK MAHARJAN,MTDHJKW3617TU001U87XSRIZXGHT4IHFW647713IGR7W7WGE23,48,86,70,25,20,83
RAVI UPADHYAYA,UADJ71OZM8CSANWBV7VTG2P9NU2QWMUFQBMBDLHVRNS7PQ1Q4F,53,90,78,88,27,36
CHANDRA GRANGJA,MIJ0KC7I1G1EGXTOZD81UKIOOOZI648J5L9T7Z9MP2S06I3ONX,56,24,31,29,29,44
SUNIL UPADHYAYA,SFJAV9NPFGVE5D8FXKHI9X9VWN1IJT6EOPXU4ELYSS6D3MFQOG,82,71,24,70,38,77
RAJEEV PRAJAPATI,SSVZI3P0238OA03KLNS7PCUS8T22OIBWQ7SLZJZVNARCS38EKJ,61,52,85,29,90,86
SHANKAR KOIRALA,C1WDHJ2SCR6YIPYQHGDP0QZ6PSQDBCK1GMLJLDOBV5C72XE9LE,58,30,36,64,56,34
POOJA CHHANTYAL,QEC0A4O85SOV096TAE7KGAULOOC6CUUDNIOW52228RKN1TJINV,43,36,76,81,37,46
RAJENDRA SHRESTHA,UASUTNH9W0PA83N9JQ8EMWE8AKAOLKBY91S53H2SM991GQZ4QU,27,20,45,77,29,56
GOPAL GRANGJA,2OQDQ52I3Q9ODEJ22FRJ9P6NWO4HE1JSXAPXE7HQL2KWHWCBY4,85,63,77,88,56,27
DIPAK JARGHA,ZVN3JA2OU3ZZS8QW57VZ8N4OMTP7BYB7QFYURB7S2E1NXJM3YT,19,15,66,83,76,75
PRADIP YADAV,E06U31BU3NZAGB7NQCYD2GE1VR0UI9AKEWXWDS6HK3YZO0AZ9D,38,54,99,18,35,73
DEEPAK TARAMI,8HD5O7UEI5ENBZCRVDQ97FTX9WAR620G88KYY03FI9JPRBZQJM,84,76,52,31,80,86
SARITA JOSHI,HIS79LRA26W6MVULNUE4C5LARU994LC8Q9KC3YRERKZLC11VAT,62,60,83,91,42,59
RAM TULADHAR,DQO9XVERWQ3DWWMC473BF6D17FEBNMCR5NZI0NYTCKI6RD9CHY,62,32,15,71,18,67
BIBEK RANJITKAR,S7ST4JQDMERFAJC76TZ6MNZO9SS25ZOIHYDDQB7BIF2F2HK799,70,52,76,38,92,19
NIRAJ JOSHI,FEQWGDWFSCTGAVLI9MHFJPKZTXNBERW6RWCVITHDU44OX2YGWO,57,74,85,71,68,82
LAXMI BALAMPAKI,LLD205TZL1SV63XQ2RZ3DI5Q5UET6UZKWUDSI9L1A75ROZ0N0S,98,63,41,79,46,18
RAVI DANGAL,8J7QR4060B5JFMVTCMVFPBB1XM27KBE2PMT46Y206RI5SMFT53,90,48,77,24,24,25
DHARMA KOIRALA,V6UG33PP7WE4HXTHZX8B73CRAOVQ4CSJLED3CTDQOPTMI3ZO7W,89,54,78,59,16,85
RAJ KHAPANGGI,AGWYAA2QZSEYW6OK1HCKQBCDX8FYBC5D946GOUL5J9W6626R04,66,25,67,42,33,76
RAJENDRA CHAUDHARY,O0RBFZMB5ROH8REFK9W0HI0VAGSL2LLLIH2H6NIDA99O0CXRGS,36,22,46,26,92,66
SUSHILA UPADHYAYA,8VLCLD9AZOSOM12OVD1NVFWO5DMVTQHLLVNMA4FPTQTG036F4C,55,34,50,84,23,39
RAJIV AGRAWAL,EZNPO3F151ZOB34VJUE2HI3FTPX42KNCX10V2ALEF9TYI7P2X8,57,45,58,42,26,90
SARITA MISHRA,PFC5E8NDZYQSJATV9CDRTQ4KZ7PWRIOGNL5S564C681K34W776,93,47,75,65,81,93
MANISH RAJOPADHYAYA,O21EG2ZQ8E3XRE5GYT6XL8EWO1HT441UFC8GV8NASYWT8ABKV7,96,61,29,23,32,52
SITA RAWAT,GWJGQOK395DHQ36JM1KKT7PDXPIKFHSBNRKOMD7F3LS8HMG207,94,18,40,38,95,63
RAMESH PRAJAPATI,Z6I6723XVO3XTKZK6PXGATINE3V6P6W1F6FZQXKZZFLMKPKZ88,92,17,65,95,41,80
INDRA MOKTAN,5QNAAUYEPBIPF0PIXE0WJHOXIAYE7BQ55GCKVDFK7VSAUNS7GH,89,54,83,16,79,52
SANDIP BASNET,6DFE7EKDQ6QVW08C31YKLJTZKIMQV96Y4I9UTRXOPWT8LRY7PC,90,52,69,34,25,43
PREM JHA,KX6972I59MHD4WNZ2G5PUX8FJQAABUTDG9LHT1K3GACCV1HR48,97,19,92,28,84,49
SURYA GURMACHHAN,W5KOIYE02YXKFREA5XYQ6BVT6V8T3C8FCR1GXDFKWN2GF6NKOP,90,58,87,32,45,38
PUSHPA RAJOPADHYAYA,KAHKXH0IQQ88WJCFZCHC69RTSUXUHLBP55ARATE1BN74431A9H,67,44,66,50,85,94
TARA LAMICHHANE,N0DEPGTLFT44VX3WD5H2AAHL38UN7HHWZV0AC5TE8476NL2CF1,68,46,41,54,34,36
JYOTI GHARTI,B9YWQ1EQI0I8KI3LE5OXNHO9GC29UQ1SB8CGFOR2WP62S1836Y,17,82,17,42,75,97
KALPANA POKHAREL,XF6GN6F0MJ2ZXU6UTSRQXRO81KNG6QWW25CD13PB0AZ6I68TIX,47,67,41,49,48,40
JYOTI YADAV,7HXVMS9M8EM7OOQ2VBSWLBRF8U4L894NQS3AO60ONQZG81VYGR,86,78,87,48,18,51
RAM PULAMI,WRA2TA3KFG402YNQ2NR2O4PNXB6W0FVDVQSO3EWCMLQVROHD9C,19,92,54,61,25,86
SITA YONZON,Q3QDYDVS2WQDW5ZG12IACAFB4L2KVBE5XBIQNUFGDWAZSC423Z,51,49,42,92,91,76
KUMAR MAHARJAN,OF12ISG8GYSWDIJKKGUWXC8J8LNM3K0CSXZB63SDL0ZSRQ4L5Y,47,71,49,27,84,100
DEEPAK BURJA,CFIZ5MWH7MULO2GDBG021GT3EZJ9RK97XTB2S7URBYLXOWNNR5,29,54,36,21,62,18
NAMRATA DAHAL,6VORY4OGUUBD133626JT8SA0SGDGO9LRRCYBO87RWFT0X9SKYV,37,90,97,92,81,67
SHANTA SHRESTHA,ZJR5JSVEDI52RJ96TUM0L9ZTKTYKKB16PGVWIIP07FELIJXMB4,86,55,32,60,71,89
AMIT SUSLING,THPS6FH5Y3H7U433J8G13BM5NUJCZR2EUAGACYLR6IJ3LVM6S4,38,17,88,32,96,79
USHA ALE,D4GVALH0WPFYRKK4OWIO8YI98KIFYANYI3YUYCH8QCPL955LE5,68,28,17,77,66,35
DEEPAK ADHIKARI,XV12DZTQ7L1W39EHSOOK8I9ZWZJ64YN3T6E0M9P4FUX2B1LUSN,16,50,75,65,22,46
RAJIV PANDEY,3NC7IYKK5ANWYNPPTLBQBA6ARIQG9XPJJ7LVNHZRDKCSE87FX2,37,25,67,91,52,21
RISHI BAJRACHARYA,FYQTYPPZIPB892LDJNEV2OX6QG2U13MI517R7R0AR0Z00M95Z3,35,27,42,82,67,72
PRAKASH BALAMPAKI,GNVFNGL1D090FCV7GTBV6DAIOLF25KJFHIUGYFDZTP3AOWJHOT,97,61,55,52,98,66
RAM CHAUDHARY,L00RIG5QNS5YXEYYD81CYZ66ITRN021F534SBIH8XW5RIDM4WF,76,59,71,85,41,30
HIRA GURMACHHAN,5MA5WNCDKSI8DTJTBW845CL4HEKUPDAIDTUPFYCSD839KJZJ76,26,77,67,95,78,48
PRASHANT JARGHA,Y8YWALLGNO7Z04JDN1JL6HELXN92XCV9KYY9Q8OM0EJAO5MUYL,17,82,38,84,49,98
KAMALA TAMANG,NEOZT47WC3M2GQ3UQXWAZK5LEVH42P6F4S0Z9Y2YRMURD4BQK1,27,65,94,92,75,99
PRADIP SAYAMI,02FAUNA0BXEHFZEE0L19FZ976YHCMMEWG5ZUKN6QDLHS3VLUG3,25,33,27,43,62,37
PRASHANT ALE,N3FSH3OWSB08C9NQC53W0A9SX5Q7YO8IRWBFV5SMCZN88TAG6C,45,19,54,87,88,86
RAMESH BASNET,S393TA7FKO7HOL2O3P7G3GAFAY769V8THGILOG3COWYOAYAEQI,31,72,82,56,74,69
NISHA BAIJALI,O0Y8OIRZR9MOT6L5CFPD6UQBVBMKEYJSE20J4VV6VMVCEXW8UU,51,55,36,51,74,71
RAJIV PRAJAPATI,G8HDTSKV9XZ60HCQXYPL4L7SJS2OW7JO8FCWXDZIWFTROKBSUK,92,78,69,97,95,56
PANKAJ AGRAWAL,CO340SESOSM41U549WUI57XWHN5QET8XRAFWAKKWC9V7LC4LYU,22,22,77,65,68,63
MANISHA MERINGCHING,1BM7WML24SK5MPICXQQVNO9FYQM1S2XHMIH5HDET8PQ41OK9PB,17,97,70,74,83,84
RISHI MUMI,7HRNCLXBZIC7WTL6STDH2UXW2NEH8HYV9UIP0QWERTO91TVDVL,95,57,87,44,23,67
DHARMA LAMA,9J52JCUFIORS95FOB7PT860PS20526XBFWDR0SIM0MGYTWE0RN,95,90,79,71,73,87
SUSHIL JOSHI,FBHRAPBLQ86BFITNGM5GZGF4ILHI9AHA5P1DH1X1QG2QVI11DI,25,52,28,37,96,35
MADHAV DHENGA,FE9I74FIRO38SN2GD3P6Q935DNHLPDNIILCAVZYNKNVO4VLI60,29,21,31,56,38,75
SUNITA SHRESTHA,K7L3OA2XS2L6A1NKR9NEF3P2C4OIZ1R33PB8DA1S9EDFWB4KTQ,26,63,79,32,45,92
DEEPAK PUN,SF6VWUI5YY59ZRI5THYH28P4ZWDT6G5TGLAFXPDBQ6TUUER3PH,93,90,17,72,45,89
RUPA BURA,LIKCYHMB9HSCJQNU77TQFO0WRD3WHXUWK2O3PGJN4UBNN0G6TR,89,81,39,46,53,76
PRASAD KARKI,R595Y681A4JPN8HT53GX8NVC3A0NKZDYF1GUXUSY3IIGKJKAQV,43,58,51,96,85,57
RAJESH PANDEY,P9124CD14JXPVXWZY672R0G1DM971H5MOHHDUSUTBI96I6GO1J,26,15,50,54,24,23
MANISHA BHANDARI,0ZOOOFB92YGLPRASK82WY058N44RX3Q3O0WBJM41XF6KON902D,89,97,31,75,83,51
SUSHIL GRANGJA,8X3P5XCEMBWP7ND8UGEGH5SQ9DU9WKZQEO25QROK8N6QI7J8JU,35,42,88,30,28,68
ANJALI ADHIKARI,3E6KB3QFNSSM24HS9PZBL4KOLZOG5EVWRAFNBXC4OBRFYB5SUQ,50,44,93,44,45,70
ROSHAN RANA,HCTG2UXMRRXXZV626OXSTGU3XT397Y7GY46BT3FK0VQNR6Q9IL,42,42,89,29,84,65
GANESH BUDHA,NUQA4S1HLJMD817HWJ7RAJYAA2VTMWJ4JT482I0W03JXAF4LR7,67,74,19,15,59,63
ANIL ADHIKARI,VN8UTW6W5O55MLC2ITYV6HBUM61HOTA6QQKVM0NIYK1QC9XDAA,37,74,99,77,44,21
RAJEEV SHARMA,E7P8BD3QRJQFHGNR75Q7G6EERU950DB4E5HW7FRWHWB2NU7OTM,38,65,58,75,82,48
USHA MAINALI,MOEKWOHDUT6VF5LR6HGB3R7GEXUKV0658WJ1HU7MPUN81I7E6G,17,26,59,84,64,92
RAJIV RANJIT,FRE7IW61DK8RBYU1FEYS2H3AL2LE5U0FR69CFFMBL4UV963DME,34,23,21,48,19,29
DHARMA KC,7MHA6TEB6IEU8CVAS1CE0BN5PVNTYHO4CNSHR7ARE1981UALMS,15,98,77,81,74,44
ARJUN MALLA,CEIM0VME23GNPJQT8BDF3HNGNECA6I0Q66D1M2GZYD5OIUAYUA,32,17,79,75,29,47
SANJAY THAKUR,WH8EYDUIYPC4Q2WAGHHM6D7WEEZ8BMOVAINSJVVVU763P3T3PT,36,32,22,22,53,18
RAVI RANJIT,AVVN25GK63JTTXY0CXB7NL3F8L5DL2QF4O74A366XAU7A0KFLN,15,98,77,98,59,97
PRASHANT KARKI,8UDKMCG179VWSRB6B2FY96XQYQ7AODCRV8FT56AB3A6ZVU4WR9,88,63,59,57,50,46
LAXMI UPADHYAYA,FZGBD7AN0E5E6EI3ER7J7390PYLXH0LF3O1MPPUF6C6XBJPC0A,72,68,64,40,62,80
CHANDRA SAYAMI,KVLQS6MAYCEFPRBPRR8Z3CT868BPJG6WC2I9OZYT4MMXFHNQI9,94,42,48,99,97,50
SANDIP MALLA,UTS90LFPIBH13MLT12SP95ZIUOA6PFHJH2N8D6TOMZX0NYMB7B,86,91,74,82,68,92
RAJANI KOIRALA,6UCOCFZKX628S9AUF8OA74QN6NA09WB5XUFDRP84QFUSJHIUAA,51,64,99,67,58,65
KUMAR PULAMI,4NA1G57YI2GANA0YHH1R2JP097L5HE0QQX3ZIGMWQP7ULDHW14,34,99,50,87,17,31
MANISHA DHENGA,XSO8YXXKA6P5OUIKO3KSU4MUXWGF2W9XGVD0ZZM11RH0HYESOZ,49,24,62,76,44,48
SHYAM BHANDARI,TCA920SPEPFRMK6A60HR6XJ84SVXBXV5W1HB7UFVGCJZOT373R,99,50,93,41,76,24
RATNA ACHARYA,NIDXYM6X460IAGLO0KX71W2B45UT7KWLBGXDZ00HCU8IS5A9Z6,52,21,84,89,69,15
PREM SHAHI,WN06AWJH664AIEEHLPY2YG8RV275T3KQ5JBHDSWRM5PBLCPL9N,83,51,57,16,69,91
SARITA CHHANTYAL,5GOEDLRTJD718FKRFSS997M0M8K4Z8RWS3XHEBVNXJJ46I3EWA,38,91,72,66,90,28
RAJENDRA RAJBHANDARI,ZTGIYUOCBURCZY2KKNIT9OA1I327JY4TEAMBFWKS3DJIT1Q2VQ,72,31,66,99,66,79
PANKAJ KARKI,4RDOJASHIOW3W3GQ4RH3BJ38JNU0A4VUGXO33AV86XU7DOVMZH,83,22,66,65,64,29
AMIT DHANA,P44QANCMM0JB4Z60WZPG0RRKSO1JTQ6UFIS66KKOYC8OQ338DH,47,80,51,82,22,46
RAM MERINGCHING,84F59V2VH4WS91QBGG3RJHA54W5WBX3LR7I4NT6H5LDCSKFMG6,33,24,54,76,57,72
SHIVA MAHARJAN,7X4YFCV2CKGXOCW4C915S8MRUCCET8IE9NYAGQCCXAK1GD2OC8,41,61,25,98,71,87
SURYA TULADHAR,CBV6X7BO7UROBIVFMBU4M2LITIEPK13V8AL7LWR7WLDO9JWRZ3,22,68,99,41,97,32
DINESH PULAMI,7UPNAQFYEHZYSPYGU812SR3JF5BAZ6FFXOE68C1QJYF03HEJVJ,40,31,96,48,30,48
KISHOR MERINGCHING,PXBRDWT5RV89PD4I1ST2V8VS5J0QVQ3YHVMZ6D2F2T5SCLSHPE,82,17,75,32,45,40
ARJUN BAJRACHARYA,8ULOBWHMF9T3PRQVB5GTQO9C2CDS4PE2N8XY9GB56TJNQ0JTDB,18,42,28,65,55,90
SHANTI RAWAT,ZH5WWP428N4AACTIANTZFXU7MN4E44ZS95S3IVCYJ4HNS0UEOW,37,93,99,23,24,55
PUJA JOSHI,J913YGKGO7SBW1ML0FGIR672PEYQP68TJSHYWDVHFE41NLVPYE,71,29,40,26,24,33
PRASHANT PURBACHHANE,PJU2UMYWS8HK13N3ITI4FOWA9BVITIQCIE79Y2KVFT4IJCLJ7F,69,39,95,76,86,61
SHIVA PANDEY,XQVQELSYONA4NBNSXIUNVRH0LFK63POBRDJYNXAMIWW0CV69V4,62,90,56,95,53,85
MAHESH SUSLING,NLK8EW32VB91J0W95PP0OZ6EXQRVY01W3LFC2LFOXE3POW8WRX,100,85,58,53,86,45
PRAKASH DANGOL,BDMEVGB6IZYZS2NUX0JSXFM9ISOYP8TMGN8Z1MT9IUPA6LZZOH,49,20,57,29,60,33
NIRMAL RAJBHANDARY,GWBJ800B5TET42444TZI51SI7C5JL0U1N16PNINN6K0NGGYU1O,91,62,67,58,33,93
KISHOR CHAUDHARY,V2V8B2J6KTRP0B5WH24LN4N4EJPF10CRCQJ1KEFKP182GYEVYE,50,80,75,100,51,75
NIRMALA GIRI,L0R5FLT3EU1TLWWJ4C5K9V6G8UY2Y1BYD5A8AYIP4L1RXEBIAM,52,24,100,91,65,53
LAL DANGAL,K220LKW6SK6NKHDD68FI438Y0N6EZ9Y8OXP7X9VE6CC8ZMUMSP,93,35,74,58,61,55
RAJIV MAINALI,7RLF9NJYZEQF4ASL5VM3C8SXOGQLRENL7NYYP0LZSYYSNYA4WZ,90,73,46,50,63,95
SURYA THAPA,52SFTB32CH3LPBP0G3C36QD6P5SSR8H7WEY04HTQZSCMHAJZQ2,95,74,57,45,70,40
INDRA THAKUR,LAKHO9W71EF99H28KHS4Y6QQCIN3QB9R2VCA897Y3LKH3ZOLZ6,92,42,83,87,18,53
SURAJ BISTA,CPBCGAA7976K02KHO564L60D5N051ZSA8L5M4C08932OYOVNBO,48,37,39,55,55,84
ANIL GRANGJA,VTN0HHRP1RZBVZ6V2B3ZNNKF6DO91ONGGXZ9UCQKG2KSOYMQ3V,73,92,49,78,44,87
ADITYA GURMACHHAN,RGC80CMYSRB5TND8WU7XX1U99JPLGGVWK2OJPZA96OYVS8JCOW,98,96,55,35,49,31
NISHA KEPCHHAKI,P52M1LTMYRJUKJXBQ92IX4FGL66C7QSXLX4BDDZH5R9TLDNGEU,68,58,19,66,84,16
PUSHPA KHADGI,WD91JQWJPQU1KYZFXCLQ9B1HZFGX0QW56GG92DK0L54CFG8TQ7,54,38,23,100,28,33
PRAKASH RANJIT,9MYHJV2ADIA3YNN6ZGSS6NE28RXG3OA3M9QR35G9Y8WD1G89JA,23,53,81,43,83,91
KRISHNA DANGOL,FCR7FIJGH8XH9RX0QMKKO2T8EZ7MZFDBNJ0TQ6LKVM6NUR15WB,62,37,94,84,52,98
KISHOR DHENGA,15T5OMEM4O6K38PXTYBX6QAJHFKOHILFL25JLYC2N6BJ83EDLR,16,31,42,34,28,97
NISHA BURA,8DXEPY63PAQQ5DJNA9N6TW7DZUST7QGAZBY82TMSBEDD5Z77NI,37,78,67,76,85,97
HIRA SAYAMI,LM1VIPKYRB8HJK129YS0EZMF9WZMRW20FMEDAFRL56KJZH6UHJ,36,46,34,33,40,53
SITA PURBACHHANE,2P6BYZSUMXLPW1PT8UGI3WT7VBOWE7ZRCYZIS8PMFVI4XJB82H,88,61,84,26,66,36
DIPAK BAJRACHARYA,Y0WKHUDXOZRHPAKEXRWVZ0YGMGI7MCKDYOGMNWUT5MIGT6VQ1S,15,25,67,30,86,67
NIRAJ MANANDHAR,G08Y4FEZFV4IHAADRNIC71G6KTMGHKUHH8W0IMSN4AN2WRDV67,55,82,89,77,72,48
ARJUN BAJRACHARYA,CPQOIEYFGQ5QO340VQ7K4P25S5R0YZG185TQEWN1MU1XPC63Z2,69,64,84,63,64,45
RAJENDRA ADHIKARI,9GNSB28OHRV59ZVFHGDSB8M2NW5IS7BW4NCYGL3BJI4U3RK8KQ,31,95,72,42,73,48
CHANDRA PHOUNJA,5PUEWCT2536OCMVQRR0KMWGW9MMO2B837JPBI519FCSSLFPWKQ,17,26,40,76,51,61
PRASHANT JHA,T5XLE93B0BL7SUQINTSB1L40R3L1Z2O6RCTEIU58NB9T714Q1Z,83,31,63,19,85,54
PRASAD PRADHAN,25EI2GGMEC6FN966M2K8HPZROGXDZOBSJRCZAROIH5PY158HC5,20,36,56,35,89,84
HIRA MALLA,K253LW1M90KUHSWOOZ2B8D6UWS7W9QBVPRYQ8WSM9WRDLSYFEM,20,17,80,71,65,21
SHANKAR PAKHRIN,MMMKY0C1MVM8TDKN4YZHUUOVPFSQGTQ8XQAD55103HQ9E2PPFA,56,54,80,22,43,42
RAJEEV SHRESTHA,NTDCVOCLGL0SJXM8X6MZBJK5EJ1IGSMZWM5N5MWNXA8VADNQXW,94,75,81,52,62,92
ANIL RAJOPADHYAYA,350UNKULZJOGQJ3PSJVK2CU2Z3SMP5RL4BKC4161O64GHYRKX0,29,21,71,82,95,44
BIBEK GUVAJU,L9P26NQM5B1P44VLRQLY820UREFJVJOZ538OK1AY8AM36TWJ0M,20,24,45,87,25,58
ADITYA KHAPANGGI,K9A6P0YH15WOEGP77GN2P1M44980318OYSS0Y0EV1ZZ6AJQIBV,81,76,67,29,60,38
USHA SHARMA,6BMR5S09UZHQBGUB48TX193XXU2ZXT8WXYMKNF4W5CSPB5ZH7F,22,37,37,15,95,89
SURYA PHOUNJA,P2D5QUQHTV70BR64X7W0QRNF46Y3484W7T4NXGHLRFAMDV6T96,34,68,98,57,50,100
GANESH RAWAL,NVDQL3EL3ESTDI9P1Q26UPFG3U882RMLIJQ2UQPLVYRTK3G98P,98,81,79,56,48,24
RAJENDRA RANA,073QQTGTYUC4FUIMC94WX66I97TPPIBVI1WIG05E11RVY5OL00,25,81,51,27,36,31
ASHISH BASNET,ZR0IQGP7Y41F29FUYA7PTWT0U5I9OP77VYUU02E5WIM8IEN8QY,67,55,73,86,70,66
ROHIT PAKHRIN,VZM2II1M8D2XG4GLE18GRLZM87B4MQPM8P4CESOF8XZ9TH58LX,27,20,18,36,40,26
RAJIV GAUTAM,KAQ2YKKA3ZX9ITF11CMXRKSA7ABLV79KQ3WBRKLHW6XJH27IG3,45,23,80,28,50,33
SANJAY CHHANTYAL,8JI88IH5OQLIL41NN6TM6Q9YMMVCALV4UJYNVYP7JMZKZH97WR,58,77,90,92,94,63
ARJUN ACHARYA,WH0WY8VQRKQQ88WLCMA5VQFEEBTQZTCDGSCEE504Y48BOC6HXC,86,99,49,75,63,36
ARJUN BALAMPAKI,FCX7G5AUQOQKSDY885TE5DX75HWLWMME89KPKE4RW0W4FNK7QJ,56,58,64,79,93,60
BISHAL PAKHRIN,RRIHHSYRLBRJXWTVJN93RTZ7LLKZ4GQ9E2HYFZ33I7ZKS8X275,53,79,29,17,63,37
LAL THAKUR,XOOV6Q5U53L5SYFJGVBFG2S9HE5U8AREIZ2S75PKV6SF9DJIDM,61,34,40,25,91,90
DIPAK POKHAREL,Q48Q6WSVFLWZS4QYDSZ4CBU4EHIV7IPBSZVUREFNPRAQ7KDS9J,17,77,53,50,74,24
KRISHNA GIRI,UAYW80J66F296BJRXL6U00Z706LLR9DFO8TN6OAD8LK9NPGULO,70,45,44,75,56,49
SUSHILA RAJOPADHYAYA,6EGZACLLSSEWQ5OK2HME6STE6GW5NX9A7PNZD8C391T7CGXKCU,98,66,100,22,68,88
KAMALA PUN,SEQ1EL41ZEACAQST9HAUSYHR8KO4C05QPTU9KM6EF6HOPKHBLQ,32,19,17,90,49,26
RUPA MALLA,KJP0OEQRVPCAF727LI01TT0RWU3HW4TKGJCAKVMYU7IYX840U4,93,78,82,44,63,17
SHIVA BUDHA,J0UNQES3USJDSEMOC9GTZVTBG3649ABDX0F631YNXVAP6IQ7JO,42,85,100,97,35,25
SITA BHATTARAI,8ICS6IN17KWDCOSD56C6TVTFH5R7UG9G8S10UT3UNH4IELO3BZ,81,44,57,39,49,33
PANKAJ BASNET,ZAVK5S8B3WGBDDCH9J2RKW3IJU4RU4AXJBBHDQBP8VCPXEAP15,65,73,24,22,24,44
SHANTA THAPA,WNI99ULL9J2GB6VJ4516EA5GHCL6U8EIVT1ZX04CQUB2HJ7BXP,31,54,44,72,32,51
NIRMALA RAJBHANDARY,XNYB0ZOCYYSOK5Z141J78Q88CWU1BSB3FEJZ4QF1G0SJTY5GPW,81,24,50,97,77,60
SHIVA BASNET,E69YNY0GOC0ZPUEYA73QAUH7EQPPLTM2GYUM4Y7RYUKVEP1J1N,85,98,53,77,16,52
SANDIP KHAPANGGI,62WIADIG5UOD7UA5OQ81YLULTRF65BJIWPM2Z68232AMIU85W1,71,36,43,52,51,50
ANIL JOSHI,X3QOKMPH8UZ3HE3ZCRWT9TIMI1CPFG0N9CUQTRM274DLKVERR0,90,68,93,24,33,96
SUNITA SINJALI,5GLHUPK14AFO6LV7GTXKN9ELK5LKQ2KJN2NZT5VJ7JKOLUENOE,70,87,84,42,58,66
RAJU JOSHI,6BMFRW7D46QZ8N5EAR9QHX2D6JBH9G0URYHC6J94AH5EA5RJGR,40,51,69,51,80,28
BIBEK MALLA,FJ2ZX1RYDIG4MNEJPV222AW5I4H2QZPENXUE51BAK90EP1LYCM,77,15,60,64,35,17
SURYA YADAV,I4ZF7F8XUVLNOEPEK3FPHHP2KFGL2B9NJFN2PHTIGTIPD33NQC,80,86,95,25,67,91
KAMAL KEPCHHAKI,KSP85VKUJW3LP588AYW3KYJKPHZSQSW74G2OGMV7AQGEOKHGAR,99,51,32,28,17,94
SURENDRA SHAKYA,7U342S4TH0VJXO8HVDF0ICTGMY6DHG5MZ8BVFN6UL5SX2SOGFV,96,78,43,41,100,39
SANDEEP UPADHYAYA,RUOSJ1RARQ55AWG61YS1T3RC6TKAUY1ROXGXPFTY9J8HSQNP8F,48,97,41,63,31,48
RUPA MUMI,O2K5ES2HK1X1U3NBX855VWP579G1W21ZYSEEG3SY5DRTJ8M7NW,85,80,99,62,55,47
SUSHIL NEUPANE,0C0C402BAH1U8W4A9V24D6X29HKGBHLBKIEXX1K9J2Y5GVMNVG,90,21,94,23,19,58
SARITA MAINALI,46S73U3W4H5PK3C0VYZXR5GO50L6I1VBICLZ22AN12GTW2GZNK,67,42,15,42,70,58
SANJAY ADHIKARI,7NJ4TONQSQ6NS4LIK48SOLO5WITURDNDS8W6TMJV28DGYMZ1YJ,26,27,25,63,83,63
USHA MERINGCHING,9E712474XXI6FTOKHG34OA93VW4ASCP2XB4UOD4M47WG7QVU18,47,76,57,30,17,74
SHANKAR TAMANG,8B4HO18DXG3HCGW2T9K2F1HS2TPSZC73M4CINKL7EIR2WSDQUJ,19,67,59,24,71,65
MANISH DANGAL,X1N4I6F9PIRSHRV7DRT37HAO3LJA2SUNPRUMHOMVDXDRNV8D66,58,92,96,23,22,87
PUSHPA ACHARYA,O1L8XOZQVTPNZ5RDHUZ0Z9LIDLS3LKJXQPF92QC1X3AZ5Z8WBD,88,52,79,73,37,49
DINESH NAKARMI,FYEJP0A77RXWQ5J9Q5LYBC5M95S4VEWC52NZB3LFQ5W8WHNDE9,72,64,96,55,23,39
LAL GIRI,0VY3H7MIQGRQF9RX2Z63WTMA21PCT5G1M4KYQ2HVEDVEJERSDC,36,42,63,86,53,85
SHIVA THAPA,WPQ10TBF3MJ0U3NT1QDLKNH5OTKOR68XC2K9X8W2XQB3IIG00D,27,91,75,56,15,86
SURAJ BUDHA,TUU3KC07VYM844G7E5NALDOUNFMG3NO8Y4X5XAL6Z4AQCLHBCG,64,76,88,84,83,66
SURESH AGRAWAL,0LSS491FTHN3I1A60L1FERRTXZHHILMT7X87L4K0U0P7YYO5EE,47,69,49,21,78,35
MANISH LAMA,QKHZWS1WDF39UR71WP0OCKFIV56MX55MSDD083IYGT6MI545SF,73,40,74,17,23,47
PRADEEP RAJBHANDARY,WLF0KS3GDF4X6PQG4ZAXQSKYDB3WLI6YBWHFZNMHVWOKRAUZMM,63,71,15,71,25,30
KRISHNA NEUPANE,DI553IV99Z6JYYD2VJCRU36VDXSBVUAZYCEMYCGGSYBIFJXQQI,45,58,59,60,17,63
NISHA MUMI,PJ8BF3GMX2BKEHZIPNBWX9PII6GOJK9MRRQ52U0WQ7BWTMU4BB,76,62,20,71,37,49
SANDEEP SHAKYA,3RAPFLYZD2RWG7BL4ZMFX21D7SJK7EEWDJ5SH5W62QN226QZQU,20,59,25,61,67,66
SUSHIL CHHETRI,65SOT2GP1G68SEM2KNW002O38XSMVKJB4QD977IXTQJQIV1VO5,97,85,15,15,72,57
INDRA MANANDHAR,AZCMGJUF81PPBI9UCJ62LJA36VPZ1SB4T41OBBNQDA48GYXZR0,76,73,87,58,57,48
KAMALA JARGHA,3NBEVZ6RZXAHAQ497YYFJXRJO4VI6PYB3I3UC28E9V2PT9OKCT,36,45,15,19,45,58
SARITA GAUTAM,L7EF95CPGW0HYXYQ4CCHF8RV5RO9G6OKQSWMC6G2T5RS992F0R,31,59,100,30,75,73
RAJENDRA MUMI,MXE0P6FUGZD6ALXLW7G1XWNLLWAWMTHTGJ31E7T3IRACMLB8M3,52,61,29,26,96,34
MAHESH RAJOPADHYAYA,HQ3WBHWYNJEBVHJRAKAMNRXHIVKU577FEDOY67ZSNOIIP3B1HG,48,33,55,30,41,44
ANIL DHENGA,ZPT6TO7OLPXI7VOR4M6D4UXXVEVKRF5P4QH1U4C5VCSOU9L4CD,84,72,87,71,45,24
PRASHANT CHAND,62I4SDJSSXNRU6J13UUUOROQ3ZP6EKQE1RZZBG4MWM35J2VO0X,50,49,83,67,34,83
GANESH ACHARYA,NQIARCQT4SD8MQLPPIBDJFIMBWCP2BWUDMN9XH56M7WSP7RL5D,85,62,42,71,39,87
BIBEK RAJBHANDARI,MCWYKUJC58HKZR0TTCUTMGE76RR9J0VQZ1T4X1DXQYKY5IU3QN,99,89,87,65,86,18
ANJALI RANA,NJ9R3Q05EI7A8WRYT3VPMNNTIR0A2DJ1Q61CFSHXJJJ5KIFKZA,100,71,31,70,73,46
HARI CHHANTYAL,BGSIKTH9LJ6DIX9MN0XWQI99HOXNDT54XIW4LE22X7GMUOFIS7,43,45,79,73,67,87
BIBEK BHANDARI,6BLK4Y6VWHE7IRYQDYRPKVZQ2ZQEZQBIEG5EFB6NCI5ZXU92Z6,96,48,42,55,43,69
ADITYA PANDEY,KRK5SNSQ11U1Y84ATW63KJ9BH8F68OUW46PL71R5DFDTPZXPZ1,38,80,45,15,98,35
RATNA MANANDHAR,EW76A9BY2WOMCQ2OCZSABX31RXWOQO4H2JC5V1A4S1NUETAA7C,15,20,51,20,53,20
NIRAJ SUBEDI,X9CY160JSDNHQIR9AS292SBGGOV13GZTPCKP4EPENQNHY3T9AD,40,93,19,25,53,62
SANDEEP SINGH,1IUH4YKZKUYS1H0916827HJ8Y53CXOX4NK9L42A59WCEUY8FQW,34,20,24,88,97,77
PRASAD KEPCHHAKI,IHMOI6Z4PVM39K19WJGE3U1O7SAUPPEDUH23Z4BKYNWJPP5K7W,32,21,97,53,92,57
PUSHPA DANGOL,35U2QO9HX717ZJH0Y15CVYSV7VS2O3AV6IRPLGRYWYC6JWUFYI,23,26,37,56,66,36
MANISHA SERPUJA,QSVQDDFJ6ARKU5D9H9CRSQ6LHUEMYSOPZDC79QN8XZVEZH48HU,55,18,73,54,36,49
LAXMI TARAMI,RF0NA1IWWR94T7SAD3SA5J1GI5ZL8VNL5AIGRHAK1E7P3NQIPW,62,95,67,33,72,67
RATNA YADAV,JKJ1SBMDR96U1HURZCMYMZPGDGBXGDPRBGJ1GHEVB8M3LQP27D,65,37,90,48,26,58
PRADEEP MUMI,43K6V4YFYJU4ZV1SAZFO72FEU5CZTHPU9YJ8TC3DG8CTHQ2U8S,16,58,41,46,54,63
PUJA UPADHYAYA,3IGDIOQ6OOPY5O390ID3G4AVF33NILPBFN4X5RXTAGUULM0KDT,63,51,96,60,50,56
SANJAY THAKURI,6TWRF902OXVL8Z27AAWEVDICQ4AQIZ6MLIMUKUX0LOJEE0U1ZE,76,28,66,99,43,36
NARAYAN JARGHA,JP4YORJSUSPVEIRCRZ60VNWQDPHBQ24TYO4BFSYLOH4DWWU58U,64,52,69,83,21,35
MAHESH KEPCHHAKI,Y0ODVIWQBCE8BRWHON1IH349BP7L8PFW1OB0EXTS5EGWZ4GFBV,79,66,81,96,52,16
NARAYAN SHARMA,9E24OGFBJ3TZURO4UQHHM04J5L09XQVM6VFOQXR3T5XZ19MTYB,60,49,43,38,71,27
BIBEK RANBANSHI,BZXFRTRS37STYVN3RI8DZCQKSW4Z5EYSRV4PAARBSFMGN73UDE,16,47,33,18,81,96
NISHA KHADKA,ZG4RK8W4S6LGYRXQENIBYZGZ4LW0NPJC7N2P6GOPKSCX9T007O,98,23,96,99,78,97
ANJALI SERPUJA,UAHFN1CJ1WTW2JK3KW66KIPM87ELRAAKP0PPNXY9L6U3W3A3BX,49,77,86,69,22,33
RAJANI SHAH,LZ87SDEJ8MEX9BABB31X85DK6NNC5AYM8F3EX3GQKHQ0BBZKFC,43,21,21,46,33,61
CHANDRA BUDHA,3R67090PVUNO40GI6MFUEZHFJ4HYPI3T7SSAC0G3Q3BJ3CVCJW,69,55,74,92,44,100
PRADIP RAWAL,QMHILBCY54XWFX3HNFRDT9H3QHXJFNJFDEJTAQUBIO9G0CRBEZ,33,88,83,58,77,43
DEEPAK SUSLING,XJ8DGMCVJ0VZ04JZ76S974KYKOGHAYXUODTQLTLXV7RITSJQXP,95,55,57,16,41,22
ROHIT CHHANTYAL,HR0Y2JSKSF9FFKBG7HZMJVZ49WZ7N7UEG29US6B8YLR1MJ8H26,56,92,88,64,77,91
DEEPAK PAKHRIN,8MKJUA45FC0ILVROKG0IFXJ57BSQJGDKDO3AYWU893W91X9AKN,50,38,66,45,54,68
SITA GRANGJA,C29X6N2J1X7KU21F9Y98OR081BWZYZ0U0SW3OJTPHEUOHSA2HP,18,73,64,65,78,77
SARITA PRAJAPATI,QT027WF54JOYFRTSG9IFABJNTHIHQCCW2YCXRUOLCOT8KF95RB,45,29,34,74,81,32
RAJANI BAJRACHARYA,ZHBETX9RINU3L13SUXQJP4VK505CGO59VN2I152WAU6F0QT0U5,15,77,99,99,40,45
SANDEEP SAYAMI,W3F52GKT7T4XH18C3Z3GYRG69PEGDJH3UTMYUOUBQF9E4L2PMM,64,52,56,66,26,55
PANKAJ SERPUJA,TLQ47B673DMVO3UX6N6OJ9H4Q6B3NHHT6Z8JCIQAWO5ERUCH9T,56,84,92,31,50,97
USHA CHHANTYAL,1XM7YOIXRZAOTSEUUNQ1HV4FPJ79RJWUPYV5VQZANS22G86MOX,92,47,43,69,98,99
MANISHA THAKUR,443KAY9BG5RGSX9RZRR31U4ZQVNZEZ2SY9OC3ELGU3WPC2S5OM,22,48,87,64,58,40
RACHANA SERPUJA,LXTRUN2GPZML26GW0C0EQZPDAO0IUICOJCKSUOBKNGHYCVPO1A,81,66,76,58,94,77
NARAYAN TARAMI,CZ0H6W2PXAR3OZA21IFXUI4BG3B4T6D3O5PP7JNY009ZAO0T6V,32,86,85,98,41,72
RAJENDRA CHHANTYAL,1KCIDURIC6XXEG8O7BL85L9ZUDT3RQRO9VKFPSWYLPXYUW1BWV,97,43,78,18,100,78
SHIVA KEPCHHAKI,1F7RXCIBRI7OU3EG83MFDVIG5VHDVX7FMZU27G3UJ84CKPRVDC,30,50,25,99,77,85
KIRAN KHADKA,KQ2B2928IVNIKQD6H5JF7JDNZ3B6OJ271RNSVF6S6CWOBV4U8Q,33,97,83,17,67,93
SHANTI GIRI,5HHX6MCQU5BB1D6OI6AO4F6TQ0ZH0W393M0D9BSTOS0BZFR0H7,100,45,44,32,58,90
RAJANI TARAMI,ZN9NLZRCX7HH9XP6JAV45UT9L1EL921FUHZXG1QKMQU6PEC7DN,99,60,83,90,21,40
PUJA BHATTARAI,A70BIBYZ5JM7G0I467TN0QOASUNLJWLASKN574P3HVTS397R4I,68,82,48,49,56,22
SANDIP KHAPANGGI,R3YDG43AJ30552R4NWRRRYHV5HU7TAD6KGYIV17M4RCY3N06F6,56,39,66,18,59,46
ROHIT GAUTAM,MZWAEI7WK9RKAQV5EDVAXIDXY61VYXCJ9CA301OFKZNQPCYSTV,94,97,100,100,24,83
RUPA CHHANTYAL,S5P7V8MPFZUGIC39AGPHWCQYM1RO9WJ3Z140K8Q5X6GIR3N0VG,48,38,61,58,67,47
INDRA KHADKA,A3RUVNWU5GEQXBTT3X47EB7NTTB3NLO7GNJJ8VFDO7CD9ZZZSR,91,97,56,28,65,86
RAJEEV KHADKA,9O5S2O4XECM5Z0PL2U1985WQLS0KIAABRPB58N7J3NKSLAVE34,61,85,28,53,92,47
SUSHILA MANDAL,K4CDZNGKK3JUQLBQ2450LC3834FWLGTIOSO5ZEZZ8GOUA51054,31,92,27,45,25,67
RAJU SHRESTHA,OZZZIMURI81OS751WSXU3VVHMGN3J67S323E1YRDX1MUHSAPCR,42,65,65,55,66,82
NARAYAN TARAMI,7TR7QDI1Y755WM3HZ8F0TYBPMUCOZIBWQSTUDKHWBYAYP5TFSM,46,36,57,85,23,53
HARI PULAMI,EAWPRB3AY7TB23NWHG3LMBS4Y0HO9AQVP87EP0XHGC6SRYD8SA,89,32,48,94,90,60
SUNIL PUN,92NTO7YU8ICKCNZC8P7XKKBTNOCVC7LGVZ6GKBGERT3HBKPNBY,58,21,21,21,40,81
ROHIT RANJITKAR,749BEZ5QDIRBI78C0JQV4WO0UZ50T0GHRX3MJDDCAA9UWASMO1,59,29,92,81,67,67
SURAJ JOSHI,56M223XP1O9Q1ZYQ093KR5TN8K8673DKL964S38CX1EMGGDJDP,87,16,34,60,95,66
RAVI KOIRALA,UEAT5K9DCXBU8OFHY5KEVF45LAAZKTKE2TOQJQ80OAQ1COL2V0,49,83,89,60,43,24
PREM BUDHA,9WQ65NJBV0OHL1QZ3FFD0IPMU831FD2T9E8J50RCSIHSMM1G87,53,30,72,46,15,59
ADITYA RANA,5PED11P85PEIVAFJHD30KPP86FCVV2Y2NYRF9189WOR0NMHOUD,31,25,85,59,62,84
RAJIV THAPA,A7E4WJZ3PS7CQF9V5XEQXJR2RA09JS6F6NDY0352BSSR8J9GHP,47,20,53,28,42,64
SITA SUBEDI,5LK7Q2KKQBYUPHAKWFUJ9FWQHA5O65WLE85WYF5GGP5E76IL5K,26,99,99,64,18,96
SUMAN GURMACHHAN,RF7NXYMDCCF9OMG73OZ7HV8E861BIMQ2N0JVJJ1E76WFR1OTDN,98,33,17,99,20,76
MAHESH CHHETRI,0WNW0VASUS8WOH0KEYKDZWAXDX1RA819R062U2GZ3PF60NOZHZ,97,37,70,90,64,41
LAXMI DHENGA,VVKSPQUE0QYL94QS42N9FRZZH358KDMVE1QH7CNN0JMCL0A6YF,57,84,36,60,22,22
AMIT PANDEY,VDVCYPFS6XXAEQM6F2HAP1926O76CRHPWUJM76097E73T8O7GN,98,53,64,24,54,60
CHANDRA MAINALI,KOFPKBBILEJBFVN58CPLQWRX3O51ZIPVCQAF0L8MPN2MLS9ZD8,25,44,37,84,86,46
PUSHPA ADHIKARI,NTOGMK8BT9Y37HHE5TIFHIYKSE3LBCFJNYAU42M822HD3FV1DN,97,71,41,56,97,21
NIRMAL AGRAWAL,PK4VWDP53QJYREUU22A6MWU30NGTM9BKTZ6MM3DLKHKBFP2NRF,52,35,69,25,55,100
KIRAN PAKHRIN,U4QZABV26NXO9GCNVG066EZM50XE0WM4522IW5M2REE75ZO7LG,60,46,18,81,38,94
NIRMALA GARBUJA,NR780GAJTK0N96SRXPACIZCGJ3KHCNAMEKFEBHB5F92CI5GMYD,32,90,89,23,49,30
KUMAR RANA,75KMKFESKYTAB9MQB83DBOSIJV57RDID57H8868AC195DNFH62,72,33,27,29,60,33
RISHI MAINALI,I0TOQGJM1YIZU8LXY8BFXNI62W2D269LHM60TR7DYEAEGNIZDR,59,83,17,99,83,57
ROSHAN PAUDEL,FRYOKPJBIWM90FT9I0EPH7YMNIDRW28FS98ATTJA8CDYQKZ22S,94,79,29,95,23,97
RACHANA KARKI,KIBY1PELBCE8LLDEDCIGCW5MZLO4TXQ57AZKUFVU9U8UVEOVP2,22,97,50,70,97,69
NISHA GHARTI,30D4DAEL4LCCLKGR3K2PSK9C3MAJTGB8OV4NXCK059Z1K0Y2CU,65,74,70,53,18,56
MANISHA RANJIT,TC8REDOLEYGDFUN4FILNWUOAX4PRN5LTBI1FCWDG75DNSLYXBI,54,82,38,100,80,40
LAL BUDHATHOKI,PCG0W3AQB30MF1MHFFCL5SSO3ODE679B2S7BTV1CSR9N31NLLZ,27,87,84,30,39,26
SHYAM DANGOL,44ANHH45V8ERHNZEG1A9KZAJIJ62DFT950VVCLE4S2GQQ095MW,28,87,80,89,99,54
AMIT RANA,6N7Z2YPEINKF0O1YPKY9V7E28QHRS1DQ8DRXUDAYA4UAYVGRUF,24,44,92,97,17,71
PRADEEP BHATTARAI,7FUIDMG8LE3KDGW39J41UY3P0ZB885QGUC6ZQHVZ1ZO42U264A,23,84,17,80,85,79
ROSHAN RAMJALI,6AUBEMVMEPI6PR8OGTNVH99Z8EC4I0I892MDZWXIN6RTGX379C,87,74,23,79,99,52
SHYAM BISTA,NJD3W38HK4654XSRTYPPR7P23ZEYWHAG2H2DPYLXIYW7E6W3XL,31,32,45,78,44,66
NIRAJ RAMJALI,SZAOYP59WN9AAK8E4M5NPGU1UUYEV8I680T9K46FPSFYFC2ZAP,62,21,58,64,26,93
SUMAN RAJAN,8GU2GWRYFAQ6S60KK3F0VPKCUQXHQMVG1A15DT78S87HTPKMXC,26,26,85,59,71,55
KAMAL RAJBHANDARI,W3R7OHY0Y5PGUA5Y8YQ6QI1FMV5UUF8QZ2HMKQ7QO2WX9U7ETQ,38,77,32,19,73,58
SHANKAR TULADHAR,OCTXIOHT4CXKZMMWADL64A0IE9DAOCNQPB6WJGU2VBIUYQUPP6,34,73,90,67,59,26
SURAJ MAINALI,UPVHXCA1XE4NK7TRAUGZCC5BVIVMWM1LR6J4MJZ5RIXWC1ONRJ,39,46,79,37,37,72
MAHESH PUN,DZ3WKF5N3ED8HMC6U5BC9CA1O0K3I5389MO9FRQ75HVDV93JXD,65,69,39,29,27,99
SHANKAR RANJIT,TW1Z3YJ5NTK3XYZJ1XWE7WOFAQKE6ZVX2B7N96DUZP7TSPFKM0,70,50,62,86,84,40
USHA BASNET,IO631EWSN6WGBZ28IM4U84MI0EH86ZJJJFO5YQ7KKXFZ2USKAG,45,32,61,24,61,41
RAMESH NAKARMI,U9Q7SHJTBF0RS7589TXVYCOIQC38JQ5UG4N9A6SA8SIAUB8KC3,38,83,100,43,87,21
HIRA RAWAL,01FEXICJLE6ET0NH1R46OCB4HW5B8HGVRD8FTUK7AA7N43SCO7,87,61,60,83,75,23
ADITYA SUBEDI,XRX229VL7047FMLXQBQA93VCDQI1XGY3EWP6CRSO7QO8WR5A6B,16,56,47,49,95,87
NAMRATA JOSHI,RFZM4LKKV01V5X1JYFXE1ATOHTF90F1H8P6G8ZFMP7T7CF823Y,77,68,82,48,71,68
KIRAN BAIJALI,RLKNA1CQAMQOYLQ9ILHCTEEQGRRLFQDYU3GHPTNUZ5VSSKVWM2,51,79,15,91,29,98
RISHI SOTI,QGFN5XYZ99MDB1R692ANNLN0I7YP0VUDCFGMTWLZD8RTKI2U8E,58,91,60,91,76,80
SANDEEP LAMICHHANE,T9WV3263DUB1JN5AVSF5OO9IPEKWORY9AUB6IOMQ4G0OFOTUH0,42,72,77,69,97,100
HARI UPADHYAYA,E8G63CRWMY38WNUQABP52RZT4BLK32OMRTD9H5QNYUUO5RSMDM,48,92,31,51,100,92
MAHESH TAMANG,53W54PNFHUT6BLXAV14V0S0INTN82KHNAPJAEK0C2TPVM27US6,79,86,80,83,98,46
PRADEEP SUBEDI,0D959YS212KJHZNK5BL39YYAQDYJG7IRV8H2HD8ODJNORWEENY,98,85,23,43,51,83
PRASHANT UPADHYAYA,B0QEXQIZE0AB691MJF1FB2Z02PXO1VBM8QVDG13AJ13M01V150,58,56,70,47,70,62
JYOTI JOSHI,R89TPU4OXH82OB9DT6FLSJRI4K30C3ONBEP2W720FU432ZHK77,45,75,41,65,82,46
ANJALI BHANDARI,J1ORM5N74AS6A0BV2EBSTC0QOELMEAI4ZSMV8IJMVZPAKIAYNP,80,17,95,100,72,19
ASHISH BUDHATHOKI,SHDK3KYNAC0JWL6EXPQWN43B3NDZ8DP4A02I5ZOKLQXUHA0V9U,91,72,48,28,75,53
RAJU RAMAULI,DP5L4C0AC77NB3XBE43N71Z5Q8E347S45NKUJNFDIHZ34SPRW3,49,23,60,99,80,99
ANJALI RAJBHANDARI,OROUQWNKH1K06Z7NSWKVRRB8N8UP2J7CXS6OA32OH5OC5ZNKOM,68,68,97,98,99,98
NAMRATA MERINGCHING,RSHDY0P62JGUS11NG5K3G6W1H3P0DF5ANF364HQLXI64UCPKDE,28,23,21,25,30,79
RUPA MOKTAN,8X3VCT6PMVFTKSQ1Y0ZFCGQVVAYOMVJ9RN27OST8CGX18U1OFC,75,46,85,42,49,75
HARI RAWAT,OF3O0NB8U476BU3LR6ZPO38DBZK7QX0UPZTFHXNWC6A6G8TVHH,85,87,63,47,64,58
SARITA ALE,QMEVI7LVMXT7NB6WR3Z2ETCOYNIN52KMZ10HXT5F57FJ1MB4L3,15,31,99,22,41,23
PRASHANT MANANDHAR,9TJZA4OP6LS3NUJ8UL2SLNSZSVO7GG9R62Q0YPYGCNECDE8W05,78,39,43,57,100,86
SITA TARAMI,BM7F9IU23QFOEGE91MBTJJMR9TT9PDW0OU7H1GQMNHWFV2EJZQ,93,75,20,41,92,58
DHARMA AGRAWAL,EP3EZYQ9LRABUJPY11I47HVQXAMPAE6MEVQDXD0PC80ZUFZ4PQ,49,49,49,62,88,82
SUSHILA YONZON,ITCS9AULDSNDLRO4UXT7COTKNOLCFT5HJWE41IA3LKH8MQU3G4,56,99,81,85,91,43
SHYAM SUBEDI,S6OAFED92X5LG4HMKIBJBAGUJTDXDZYCQ2TTCCPIUS6CQ723OP,20,70,50,16,56,54
PUSHPA BURA,6OH4QMRMAXU72OIPPS5M8FD4C92JRCXKX8B8XJ5UXUZ6CK1Z0Q,55,84,85,30,39,37
MADHAV NEUPANE,S3G79AY2IEL75EKLMBCYCOW5PYYXELLM452T9AGM2BE5XUU3X6,85,95,48,93,58,97
SURYA CHHETRI,ZMNTK3WJMOFYSQCJF54H4Y1UNZ7Y30BZHHW6X3TPDJ0ZP61HOK,49,28,50,98,64,83
LAL RANA,IFXD873T406PCUJ3AHYEKVH249BQASC6UC5UTCMJ924ZOR8SVK,40,28,75,46,89,62
KRISHNA RAJOPADHYAYA,KWXIKU02DL3R0JZU0GHBBONEWSQZCMTQ42B5IQ5ZB4833FOUYE,39,41,60,49,82,29
ROHIT RAMJALI,501CCXTQJSSTA1A2PK8L17NBUG82Q49X8WMU2OPC5A5C2ZPGYH,74,22,74,94,38,76
KALPANA GHIMIRE,W18J7FVCM6KUJ4XWH6C2ACPL4KX31XGUHMBR4FON4Q0HW24188,59,55,65,43,57,49
ROHIT TAMANG,YTYW8R5R1WX9A3UJS65SPWX95UC8NVJ7687IAFQ4FOBGLFUFHN,42,72,68,89,41,85
MANISHA RANBANSHI,NXMP4UECBA4TTR1YHJDGJCQNQ9ST9GRUFSKD8VSWJLS8OF4AH5,100,18,48,39,73,66
NIRAJ KHADGI,SFSN8EKGOX931TJU7D63LZLPXLOL2O5X2V47QGHGB5ASREN49F,75,35,34,52,99,58
JYOTI RANJIT,68GCCSNF5Q65DH5ETW6H6DTC8J2BMXL1B977XDGCNZDY1KEY7X,86,76,69,70,82,66
GOPAL JHA,X7JB1ZQ8VVFNBMOVPUKA8KG6EK9R4PH0201WUYCO1NPY13WONZ,28,45,67,27,69,34
RUPA AWAL,N08BD8IFIQR6OW2JCBFVWDSY1QP83AT7G6ROBS70BSDVF9148W,83,32,20,65,27,94
GOPAL KOIRALA,BCZVNS7CELJ3MDGHP5VGZYSCGGEIIRQH2GBRTRM139HRN8ZW92,49,86,54,78,56,82
BISHAL GUVAJU,RLJ4M942X3BMMRABVU4GOY4LHTTMS1050IXW8QUGLXV3YGN8IZ,20,21,21,88,31,54
PRAKASH MAHARJAN,T1FB22V71FNL5L9ZGO9NS89JY9YJBL4REZUEZ2GFDH12D67YH0,36,57,32,65,73,44
DHARMA ADHIKARI,5YM00ESUB3YYBLFU48DSR6Y5NVN0X21OML77T23VZAROMVJ7RK,64,38,36,97,97,73
SHANTA YADAV,SMM3F6YC8TQX1YG7JKR60MU2F71EXKNJCRZ2NA9MGLW8DH3EZ1,60,52,43,31,74,76
SARITA SHRESTHA,72JEXV67M5YWGQ3SNPR8EWLWM6H5357JYZQAAEO4QXPP6YHUSV,72,58,57,33,77,38
NIRMALA BURJA,Q3HRTF0PZHQTFBXCGOGCIWAKRJV45793GUE33U1YPR4PFI1UVD,24,55,79,52,39,69
RUPA MISHRA,XEAGLQ8NRTIEEQFOB31J7TCKUQISNLYWTMGQ7Z4F2960SH8PA7,96,77,95,57,95,62
SUMAN MUMI,O6EJZGXHYAC0GDYOVVW2T2O8737DGZ878K5X8P9SJRCT3WWRB8,75,70,44,21,15,46
DEEPAK DHENGA,Q2PATKEVTMEE4AGK9PGV934T5P98B10Y1CCDG50ZLUSIXLL06V,34,64,26,83,97,69
RACHANA PAUDEL,LG31EFYN3A7VEXOLB9VFMV6I7M7SL2BD7RC897LG3QQZ57T0YS,39,26,20,97,28,90
RAMESH RAJBHANDARI,GYV0GO4MXABE86MQWPJJHWYAYSKNPZJQ08XWNZIJZGWQH5GWW4,34,63,45,53,15,62
POOJA BUDHA,H9C2YQ8XGDU7JVOQHI5CSK70TSC8UL91HHW9OWC04Q3OLNIHWE,45,37,89,88,47,91
ASHISH SINGH,JY99BT9TXLHEJD6AZTN5N588WVYDJRD6EF77R9IPN4PMCKVRH5,72,93,45,57,79,18
DINESH CHHETRI,MVYZLZTV6K3M3XRYUSE9E2OIDA365MFSOKZBNG7IFB582DCEV7,22,59,24,19,84,77
HIRA BUDHA,0828TQGS03OGKXXCAUTDS98A5ZQ28PI4NQ7T900GB7G7O2YVYH,56,33,98,97,97,85
KALPANA BISTA,QVNJ1J0QNCGW8GUOG9HK4QTVQGZX6B9L1THGS4XBQMUQ3D659B,49,42,18,58,21,79
KISHOR JARGHA,SPD9TZ3W43SSSEKNP8HWR41L6YLB1PN5PNHMNKOHYOK8E5VT33,66,38,53,53,70,99
SHANKAR GHARTI,LUQWBIX77N0KU7N3HZRGTJ9G7CFJ4UVYA5TECZPOQBVNLG9LRR,68,80,63,59,60,65
SHANTA JOSHI,O3WFGJ7RF97Q20LZW40JG5NPHX2YMBUAA98DY4KFT77VQE5D6Y,85,27,66,88,78,68
KALPANA PHOUNJA,E9KOGMG34X3HU7RZWSNPEC2YVK8AKFGKI581UO0DWZKZHQ272Q,86,49,53,51,21,89
SURESH RAUT,WQPJ31FAIJ999BMNE1IE60PRBAAPRYLEAO5M6Q5NFQMQVNQEV9,39,16,57,60,86,52
NARAYAN RAWAT,2VDI1XY6PDJX1VA58XJGFX6RB03WIJWQUMGW7SQNQAFLP1U3MZ,63,80,37,31,91,98
SITA AGRAWAL,H29ARFIQ5PLCVNWW3C9JN8MBRC5CWS1W1KLCLRDERRXAYUC9LV,99,81,41,30,17,91
HARI MERINGCHING,25WM7N0AMAU8JJMJM4PX1YXVI8TT937BSKRJJVZ6X49LS4VCR5,78,46,60,41,43,30
RAM SAYAMI,ZH8PNTIYZANE8Z8BBX3KMIU1BLN8655DMAIV8DQJACW45QDHXQ,76,81,95,92,58,74
NISHA MANDAL,CLLOI9GBW6NWVLXHDOVAGC2Z67RZBE8IEL1AIQ7G9G8NBWOS8D,48,92,42,70,38,58
KAMAL BALAMPAKI,02E8GQWG1MI6GX7AI4MXHPLCAUT2AMW0DYA78VOBHM43EYEK6L,71,79,73,79,92,48
SHIVA NAKARMI,Y791GIGQ93BGU8VRA79N19LJT5LZI0RG7FQ0WT06QLUEDDD590,33,83,32,59,39,72
ASHOK PAKHRIN,BIUTJJ57XT4K5AFQ0X24L1TC3RU0F4Q70UL7TTU3OM7F6EZ5KQ,97,62,46,53,26,88
KUMAR YADAV,Q5QBICRLL4VX0RY8TZ5UFA7FBKQ44G7QLCRQCG0SS5Q64P6EZQ,53,28,18,25,38,83
NISHA MANANDHAR,71OCJSQHJ0EFSR4NO64TNWA7Y89G1Q3TAPOBE6VM2SXL1GQCBA,22,74,30,85,63,42
SHYAM JOSHI,2ESLG7WLJFVS3J65JVUI2S1UKXU6R9O8CP4J84HJSWSAR3G6JO,68,23,71,51,86,93
MANISH SOTI,9UNUIZD4SVHIFKMB5P7VGIWAXYSO37TFHRJWZLRLOO434FQCA6,35,60,82,81,27,54
HIRA SHARMA,QPW5JREW4ZJKQ7FG46TO6HEZIWLANAT1YMTKODQEGHXVW4SK38,90,94,15,90,35,81
MADHAV RAJBHANDARY,775MXVKJJA3LU90IZVMYEUWHZVJ0MOWPGTRAA88BKD0XD0V025,78,66,67,42,30,59
SUSHILA PRADHAN,MP8P3ZSJKKP3ED2RS70C5KTPN61RATBRH9KH4HQC1KAZ9ADPYN,87,89,87,74,71,65
SHANKAR KC,RRLJOCW55H9IBUWJF6VMH1E2LBPN6EIVQ6A9PVCXV4GXDW8620,93,36,92,88,47,92
KIRAN RAJAN,HZ6AZFX08EMCB7YNLVTBNXR8C60MHL73LF5MC84T55SPDT5ING,65,54,71,55,92,43
SHANTA BASNET,IUPAOEKDW4320PP16ZMD3D9C6XIMB38ODK210S41V4RC9AW76X,44,64,63,69,37,60
PRASHANT MAHARJAN,B5YK0N3C6XEONCTIAKMOBMLV3D3WVRHDD7P1UVN9A1H4G508ZP,82,38,72,42,85,43
POOJA YADAV,NMX8OBIS9DPWRDQ2SUYK8FN0OV152ALSGMQY6HGIZR0L22VP5N,78,88,44,71,33,34
DHARMA GAUTAM,EWZ890RKRLIRUWXQRGAG42CEGENY57LTW6TI9CAU3B4FZNL1GB,43,22,97,22,92,35
PRASHANT GHARTI,YSBR3QSLIGQNBWNTA3HLEVC431RN1PV3NV9XQ3AM9PE17TXVO4,36,37,52,49,35,36
ADITYA BUDHA,PRQFUD1AKE33CTKARUQB05VJ2TU54LM3E7EB7GWRQ8B7LMOU6J,90,49,66,26,51,17
SUNITA RANBANSHI,B1XQ64S2BLWQ4DXRWT37P02RPZ9OJDEFJH9RJC6098MK3D52Y7,57,45,32,35,90,88
RAJIV YONZON,HZB7QEFAFWFFAJTJOETH6V3ZD4RZ6OR1PF1V20DOC6L63OUR4V,36,36,75,49,65,66
SHIVA CHAND,18MCL8NKBJASVE6R308EUNQCDOC4CPRON0EEIJFRDOOHM1CPUI,34,44,37,81,92,58
RAJEEV JOSHI,0FBTYPV88VHBTI4CULGPURX4LYBJ621JAHA2JXPU96DZMOUMS3,34,46,96,40,71,52
ROHIT NAKARMI,ENWINHNLMIRW7A46J6NIHU8VTUZ0B17V807MPYKBI5XEXMV54L,32,56,26,39,81,54
NIRMAL CHAUDHARY,XVCU377QCQ587VB9DBAR2C58AKOW307I6ZWZD4QJ7N35X4N04O,26,60,73,92,31,75
SUSHILA CHHANTYAL,K41GUGH5IQNCTQ4FZQ0CHOXWRO5GGV485DKA1PUOSTJN3B0JEA,29,86,89,43,59,38
RAJEEV JHA,XRO9CLR4OP626NXOSHXMTL7OD31WRO7KIGRSA2EXE8HPWY3AWO,39,15,71,77,59,40
GANESH GAUTAM,IUWR8QTBD3BLRKHGHKWLAMLDIE2JDKOFQHM5WLS2N617NFL25C,51,62,99,64,62,34
KALPANA PATA,VK9QAS917M54WQCDV5J7PNFN2ADGD0XSKQKTEH5UUH1AC7INRG,31,20,70,99,34,86
LAXMI PURBACHHANE,PP0CN2AAOEB7F2ITGMNX04H64DCUOD1DITT48A52WJKY1J0536,28,26,76,79,95,89
LAL CHAND,T32EBAB6YZN1MJ9K7AUG8WF7O5HXVOVZJ3A6R1XODB2A4XBPH6,77,73,90,48,99,41
NIRAJ NAKARMI,VP527947R4S0UPQF3ZRAS5F0ZKWPL5EWQOB51VIV5USN2LING0,19,42,28,69,23,87
SURAJ JOSHI,WW9ZJHBW6S05ZH40FL644QUCEIKY7TTOIPLGI3QWQGX69WEWXG,23,83,19,47,26,49
PRASAD GRANGJA,CFOAEGGBTSMM6T0BJOF7DB82PAW8JUSPXIHZ6LUBQUWO7ZD5TL,63,63,19,70,78,56
MADHAV THAPA,7YO79A08VOUD7KPWO3FGMUMK1S3AC2C9VJ4FBMPLLBWDUA7L2L,72,97,20,70,82,90
PANKAJ DHANA,YOOX2Z6F81UCT1RQMXO5NOM5MQ765IJ1GWENOSMDOOD4FT24GJ,92,18,78,72,83,98
JYOTI GHIMIRE,GR69U7G3Q87V1JX6LXFTSKTYY8KUZA5FTSD6EXB2Y9TYZV7GKK,29,70,58,80,21,32
RAJ PAKHRIN,R9E54N4G850KPFX5JLXY2VBMMD9102KXMH8FBZZRB2TK4ML2F1,70,64,39,46,53,98
RAJENDRA YADAV,SZFPXY6EUOS4Y88ZAZIZBX6XK2P02G6YMAT8SA0XIHLR29ZTHK,74,19,54,22,73,24
GANESH SINGH,WYHLCKEIXUXDF97862BZIIJO2FCN0BL44JCBOOYAPVI2SDV3IJ,94,48,47,86,92,48
SHYAM GARBUJA,DP177LWLUFOIVCXFNGS68Q2E7JHGV2D13C0BQZ9BC63LG5BNS7,72,21,57,23,61,48
USHA BHANDARI,HWQ8YR9VI3YJ21DKO6K3W9JDZB8XI1RC7F81WDYX6JKYLEL5DN,17,80,18,96,60,49
HIRA PAKHRIN,VML7UWIYOQN56OQMH76VVD67F8H4IEZ4Z8JUL3O4PZVJU5OEG8,26,39,55,56,23,92
SUNITA JOSHI,2R35KM8ZOZV879NI9L98CI9TQLU9L8T1SO4A6Q55814NJ45HQ8,82,43,26,85,51,75
SUSHIL SUWAL,USFE35HC9JC2XUM9N7H9I7LIV9E5QMU1MTMGKB295A2K7SZ3K8,48,27,29,70,75,23
RAJEEV SHAKYA,9NRO3EHITMGT0ZDVKS69DZ5J365KMWCBWZV6MF3Q6U532Y0H6F,79,82,60,30,82,20
RAJ AWAL,TDN4EKS6Z60NFJWJCS8P7G0PN2LWZJ5RXENAMLH5SWME1MKV6I,25,38,29,94,20,96
SUSHILA RAJOPADHYAYA,L7U8HAJO6D4RUXZ1PBZ2PB5SB6AD3YAWJ1SZ0KDRSNL7TPDD9C,81,80,27,58,21,56
ASHOK GARBUJA,HCBHSII5KJ921YCQJ8OMCB9VOWG6XLUSRG02Y94FJ9TN9LRM3F,84,87,79,55,71,47
DHARMA THAPA,2T95BZ86QIR6VG0GNG2MXUPDVIWT46GBMNRGOPTP5RI7VVTO2N,32,81,45,54,38,81
ADITYA PHOUNJA,LJLG6NLNDD4GE5QVJG0KFNEUI8H6QOUE756HFOUYB65Z0PRLYE,99,94,68,61,73,81
SANJAY RANJITKAR,L5YOT0BZHSRAEOZ7NJ311040K9115UFDFRMR7RQ90N6520ET7M,89,62,87,26,15,38
MAHESH SERPUJA,MU9SXXTJCMNA5AIDMD5JTOJMMVJQ9JE4UFZ7LDF0RB5JW7C041,53,30,86,70,34,27
MAHESH RAJBHANDARI,8GQ8UJUQYW0T0M8CUF981JDATBWL1QV0DVNHTOIVFPYRD4PPCJ,25,76,34,65,39,33
SURAJ BAIJALI,7OLWHYV6WL6UEHKTOTGY2EMMQORV1DD015WEC1AWM0VW51YFXG,76,24,38,36,50,99
NARAYAN PHOUNJA,C5R5OR7A070I0478QA1HCEA4AVCJ2OYQBWNG3G4JTN8U51M2CP,20,57,30,22,53,22
RACHANA DHENGA,5TJG59VVS1ORF4YSD8A5WXKK8CN0FU7RDUZKTULC16B75X8HX7,90,85,90,50,84,37
RAJU GIRI,3IVLIVNK9U60I8BWEORXU1MW9G9P4W8JPZWLHSL9EYC9K9LSVD,21,25,95,40,48,58
JYOTI PANDEY,C98QDZKEITZGTRXRLECC6GIF5IAFLG1R7GME4S0XVPV1KUX2GY,36,37,81,33,61,75
SANJAY UPADHYAYA,AWULCJZ2OR76X15V6MG6K1T9U81JADPX5XNRNGPT6Y90W0BFAA,38,26,47,64,23,55
DEEPAK DARLAMI,6409JOHH5E70XHAWDIS9XOPSPINMIRW5K94DSWDF8YUEK0QYWF,80,31,25,29,33,25
GOPAL MUMI,ENUKB4I7SOFEKNDMBM04I34C1WMFQZ2Y6Z3D5A0G0DF5XUGZIL,95,77,70,55,31,89
SUNIL JARGHA,4R6QFDAVAJUHQSPRQ212TNYVDAKUCQLRZPIS6PQKBZW6EIL2AF,22,40,23,62,49,29
NARAYAN JOSHI,OL5IO15KFMNK0MB2FRBC88HK49OW2VFR14DTFMQH57NOK6SKA3,94,32,19,24,69,81
ARJUN CHHANTYAL,3UG3XS5D1WO02ZNMJBMKCCH8A4IU17U8982TPFAA0ZUF8ZG4WP,17,17,25,34,56,75
SUSHILA BURJA,GNPLZTRULU0NY8PBLKHTE8QID47YL4TOZ89AZBBED3WW7EP5NI,78,32,19,31,31,89
LAXMI ALE,QZVQ0L32G38W9OUFV8KXVIUA8R0GFO0EFXM20UNDBM4MZOILMC,44,60,40,64,68,26
INDRA KOIRALA,25EEXWZPQZVEB1PDPMTWLP1QIJMRA4PX5Y1K7DRT6DSC3AI7AE,21,81,50,63,75,16
SHYAM SHAKYA,MIHK7OIRG1F9XPCRXVY2KG1JI1O4VZ3UW4R4U278LRP9S4W0GE,59,55,68,99,80,23
SUSHIL JARGHA,TKG2VM3JT7ALB9Z1VNWRZ0Z4IJLLW2Q9JM8JRYSOT7Z5U5QN1E,65,31,76,98,42,22
PRADIP GARBUJA,944AVAEUR2VMJ8NCMM323RBACYWF8C5J8Y1NDMF33DW6DTI8BC,16,80,61,22,29,45
AMIT GHIMIRE,0M5CU4O2NTG4O05BZSOKMUEXDQ4S7ZP052KZYFTLD8O3B3YYX1,77,57,22,30,35,59
SANJAY SHAHI,AHSC1KY0K6CNQZ1GFA60YZJS9WKE4E009YLFNQ9YSPX8MY6KH5,22,75,82,100,27,79
NISHA BASNET,XBMJ743JN8BZLLKKSUSAUTRFJDLPEECLT78ULXWPKFULTW7CEO,47,15,99,55,28,16
RAM GRANGJA,0I5SH4MJMFTKCRSMJ0J5YQZID0Z889GBGHTHXCZ07F77L6A65V,88,69,32,37,35,80
RAM KHADGI,CCM065DHIXDFWOND1FA6ONZVOVT5BR4LXDXMK1UV09AD2DKTP2,65,45,38,37,44,52
RACHANA BUDHATHOKI,HF7074ZYT0K4O674JYEE7Q0EDR4K7O52Y3M2Q4FE08T9X2TCCV,21,60,22,70,73,86
BIBEK RANJITKAR,F59FL9RBDIXEIAPHI2YM0WC01P11B4EMETWDPCVWIYC446AYEU,43,60,52,70,56,45
ANIL SINJALI,3OVPXBD01VMZ6IRCBQ4YHCT3G0H5PB7T939P6YZBDDT1ALN1SS,57,28,30,47,35,55
NARAYAN GHARTI,QX7AKYMUA7VIKHNS9MKS3P9V23FNFJNBZ9Y611OR4HEKXUAT0F,53,37,72,67,16,53
PRAKASH JOSHI,TH2F2654U41LZVZE8S7ADJQWIUJYHQ9G7XENVHBONQYNJ508XP,87,46,92,68,81,97
DIPAK TAMANG,L41SYIXC7ZJILOIZCQGMY5CMDUT5KU69A61ABN4CTVZXF2GXSX,48,36,89,88,48,92
DHARMA SUWAL,VFG5QB2D17022QJ2O6K7EP0B9SA5ZOXC03R3F1UMYU27H1L8B5,95,58,77,86,79,79
PANKAJ GAUTAM,UJQ88FQSMLIWDM2FSHMZD7CHCNNKJXULNV59G2VJ8898HWMAGW,33,67,85,80,72,94
SURYA KARKI,2MTZOE5V8NXAL7GSXUXVRKU0LFMHHXAR2Y7O95SZ7T3987ILJR,59,93,46,41,40,37
KUMAR DANGOL,I3SFGMN9HB3JFFTWGWUEI3INZ8OID8V23LJV38VOFTJMG3UCXO,68,41,19,35,87,19
KAMALA RAJBHANDARY,58I695XEVS5X6GAL4XN8OD5HCN3BRJ7WL346YVNS4J72BIL8E0,88,45,38,16,54,40
RAMESH SERPUJA,R3F4W3UJ9JTNAFUXAL2G62L463O0UXC5PMUJEJ8SP17CNB3IWD,92,47,18,40,35,67
RAJESH RAJAN,5HVWC12YRJ8NF723ID8THV2PAT5UNFD8SVZ4SC7RTNO86GFI93,42,92,89,67,83,85
RAJENDRA SAYAMI,987N6NPAPOQFNAKIE0892L98BQNSIFMLSZV6QAWUSZH8KISCHE,80,57,23,79,43,61
INDRA MUMI,C2J3JQDD4VYCM020F5WQEYV48SSHZ4LBMAQZX36ZMK5NI3KNYX,89,76,76,30,33,48
ROSHAN GHARTI,XYKADR85ZIU09IKZ2DFPXQCTH918J6AQW08908JFL9ZFOWEBBE,29,16,99,72,52,46
NARAYAN KOIRALA,GBN25JITSIPI4GMPGMOE21BL25MN0PVL3ZSC3QKQ3HSW3G2XP6,23,23,77,30,96,52
KISHOR GHALE,JJ8VZSFHREGHV7I5IDZJ07PG1SXTH7UX7YOCTLM9KK51VSJ0C3,99,56,48,68,80,33
DINESH SHAH,RR9UJPVDWBU5UQXLLU2WV100FZJ47PXG0CAEXCVF9XE4R2G4BE,18,27,29,32,88,25
SUNITA MERINGCHING,SJ72UWFNGDH9MUIO676130KFUQ0M1NK0I7AFTEAY70C4GO7W6O,16,48,20,40,25,65
KUMAR POKHAREL,TVFTHIJ8ZJPMC9QXHULZWA9P49K83Z6Z0P2BUSCBZNDAD7MC8J,68,35,93,18,91,35
DEEPAK RAMJALI,GMBMP3RTAWZ5VD1A2JP0HABFELZ95OI1S14MJYXZIVKKQK1WSP,40,80,41,97,92,44
DINESH KHADGI,BD50YMFRXYCNR56CEFGNQJTHYM1DQVUFMPYLN6SQOYLT6AVGP6,85,93,98,16,23,56
ASHISH SHARMA,VQXU4SWT8PTWCBPNF80KR04NGEDECNA9OWTXFJA40DCKFT13A3,30,21,88,89,81,35
MANISH SINGH,8U0AR8AGH4S5R2XHGHJNJFM1OTKVWZM8UQ7A5RDAZ7PK8O4M10,90,77,78,83,68,84
BIBEK KHAPANGGI,IC71WYXM8PJV551EKA7UD5ZY6B4M6ARNM4328JFQKDIMN4KAZ8,31,44,57,31,87,56
PRADEEP MAINALI,K12RYXIW2P0T7ZJ9D31372SAU48KWTVGCNNB9FSD4YFIAFX58V,63,38,60,82,46,17
USHA RANA,NXURZBSJT7WCIP4D31RZF1GQRIEZF95KK9OD46WTKIVZ8YZUJP,68,72,70,23,26,67
SHANKAR PAKHRIN,Z3SZZB0CLY1XA3I0WZJXMKYZ2L6JY2CTVXTDLL63HCJBWLBLOA,96,55,98,43,24,37
DHARMA RANBANSHI,VSSE10PSTXMTL4VZ2W6S6M4LOZO7V8TKYH0X7DXR443U3J57V4,55,59,31,100,70,81
USHA SHRESTHA,SJZJ46TYIX3H9TDOVSDXU4UH3O1CDWWZ39A2LPSKTKCMUMCXVS,94,50,75,60,71,21
PRADEEP SUWAL,SBZGMNUBGTK9LIZNRCHZUMQ9YY3XBQIYMTZ67CXW57WUQIOSLR,85,68,52,78,87,56
SANDEEP GARBUJA,6UY11E4OH2KLXKGE8LQDUX163J9Y58FLH1ZI44N3DV1SQJA0UJ,44,61,57,28,45,62
PRADEEP CHHETRI,RHL47JN3KD7E2F61VQ19G9IOXLDWI2E8R9OQG1XXBH3YXFKPER,80,96,48,82,26,99
SURAJ SUBEDI,EAWL4L3CICNBLTCLT6KSS5TUJYUSP3JPDO4FED1G1EPKGTXIO0,36,20,87,55,64,29
ASHOK THAKUR,NJ0L50R2JLEO3UYJI1NFS7KC7PDNVUSL9PMLDY0FOE2MVYF8KO,51,45,81,73,20,98
BISHAL DANGOL,2376UU80SKFBP9RXTCHMS8CYXL33SZHORKQUQVM4E7A8LTTDTK,94,17,60,46,92,75
KAMAL GAUTAM,R8B70QKARBO4L9ZR9IFUEUIFQ5F72GD7F2KLR476QVE9HJCTWC,97,53,62,51,86,23
RAJESH MANDAL,HYKPEPNSUD300OR54PE7QNS8E0AV78MLI6WEI2PEYZ2K4MR8PF,90,47,95,56,34,19
HIRA YADAV,V9O2P29YX4V29BKHMTZ6RA1ZLLSDM66X3EPUUWXUE21CQTM5P9,46,95,36,37,39,23
SUSHILA PRADHAN,J1FYGV0DGW514L3QX0MLG2UFV50ZFUGKWF5ZJBJH3G0Q6X03MM,93,70,59,20,96,21
KALPANA DARLAMI,H1BDA9DSOHTRFYE0MNRI0JNNZJGXNDYEP5M0VCZR3MNZXQFE49,58,76,89,32,87,22
DHARMA RANA,X4XAP44RH7C2WUEXGO98V616AXPSSIQHZY9XK35YIKTC5YIGT2,82,66,17,82,76,48
BIBEK KHADKA,NG8D4WJB3N43M2WJUIUD1A1YWARGRHJ9IOA16MTZ2CKFZN364S,55,97,20,52,74,26
ROHIT KOIRALA,ISE53L20RO47VGI3SI6SUUBZO2Q3JERZYTG6CGHQX3UOMUWDXZ,97,53,55,69,87,77
PUJA PAKHRIN,1LT9HOV25ZA3PBT03PAD7DDUD99XGBOZGQ0JSSGE9DC7ED0ZG6,65,28,35,87,35,15
RUPA GUVAJU,IB36S9P85A02M3Z24VXVDH9N20641KAEOSO5QE3RMLXOGWFYHW,46,34,22,33,88,51
SHANTI RAJBHANDARY,GBBCZM7HHQJ2GTGHY4WZX7JNKB0AKFEL2X22USYOVKS927TG3L,73,33,65,41,72,62
PRASHANT BHATTARAI,UKG5M0YUE8ZKTPI6D82MSOMT6VC5Z4XAJ5BD6GNADKNODZE2YU,69,48,44,47,28,70
AMIT DARLAMI,EYNQ72JGBVCCFN9F713PYES9EZLOZ4D3P0CJRZ3OFLCPNPY79D,80,77,73,22,92,94
INDRA BHANDARI,UZTPDYMPU1Y7TE38ER3ICXU5JRCJYTVCTUMYEF4G2P61D0MW6V,87,95,56,90,44,21
KUMAR PRADHAN,HBW26839UT9Q9V3Y0ZOLJKY754OJQL7U5ZI3UVH20F63JLE6NQ,82,46,59,78,89,77
ANJALI CHAUDHARY,BGVGBCH2SM9VFXZ6MAZ2JS21GTK3NITHNJ4GV584O5OLLQV5RS,100,61,78,21,77,57
KUMAR SERPUJA,3L2CA5RWHD76935I6WO1QHFIIFJN1NNGO5PLY9JCPMO3LZUH7F,34,47,69,50,23,69
TARA SHAH,CLZRGHSGNG8TDAGLUZZHXGELV158AQ7K19IOPOEI44GLI3YY9N,82,36,43,52,68,75
SANDEEP SHAH,WSZXG7EQB3GHXY7KHVXBCRFO8CO7BB4WLBGUWTKSEYI3B9U8N1,45,100,99,82,97,98
SHANTI RAMAULI,BHTEA10TV9I0XI2UPBYOZVHKLNWRLNJBD6QZRMIRNP7ZFAVOBM,57,67,18,37,38,95
PRAKASH SUBEDI,3XCOSTFQNP76UWABLKF3OII3I4TH8S9IHPAFQ76YU1MIUBDDC7,64,86,58,97,47,98
SHIVA AWAL,1L6Z24U53ZBMXUGIP27HACZA8LRWS7E2LZ7CNU858E9AFHPAZX,26,44,82,75,49,92
DEEPAK BUDHATHOKI,4LZMO57YLDEI248H6MCZS7YTDIO698YQZUW2ZSXBD7HMOI8JVW,64,28,79,77,53,19
POOJA SUBEDI,NJAS3K7UECVMOIIATKGV4F3C4NX6YKQVGOWX2WH93HGZPZ8E9J,60,53,50,79,64,30
MANISHA BUDHATHOKI,B4B1GGFSKKY9UKNOWVIH4RJO3YQ36VHPY6LTVLR00EXL2XDLYG,78,59,100,98,99,24
KALPANA THAKURI,JH6HLSWKDIVQ6H7NNV4E9KXWR0VY0RXBW635KKI7WKK7M70N6V,46,26,16,77,17,63
ANIL LAMICHHANE,P9P532M1OL2IAFAQS6213HL4O7PUCV2MEGFNL2AGGN5I3C8DH2,59,33,91,38,35,32
PANKAJ MANANDHAR,D66LMRJ2J1ZZL8MFP6Z4ISUIVOWPFKV3X6L7TC3T3CQE4KX0KN,18,39,84,35,56,62
SANJAY GUVAJU,BP4IDC32ALRMN6UVH7RAD0XCVAPXGDTLJCZKTCJ8DTNNMLEJJN,76,88,49,86,45,32
RATNA THAKUR,YSRPYCIKD1QX54HIKX0RIATCLYZSG15K2IVHSYJ6RFPJDBBXNY,70,27,100,21,78,77
SUSHILA BHATTARAI,47G90TN911L3CBYPDPEWDW0QZMSY07H0J0IOJ17XUXY7ON71Z3,65,29,21,43,71,96
SHANTA SHARMA,RELYB60375Q0S7IBTUVPBY3ZNVGYE9JU9LLD4Y05D64G9M1BYV,88,72,99,73,88,18
ANIL THARU,RPUJCVV7LM3QE14K30JTVASP9N3JHIOBHGQL6QR9Y4NOV34NGJ,34,81,22,45,87,62
DHARMA MISHRA,BRV8D95D6I97HTWUK5KOK3JE4A0K3Z36TK4O4S752M0QFFE0BZ,23,57,76,29,82,56
SUNITA BUDHATHOKI,LV9VG77S3J6I5E2PNAO78II8JNTRFMWOTLLQNDQUG89V4DM74T,50,31,70,64,54,22
NIRMALA PHOUNJA,R245BFQPU6ASK4G7PJPMLSV6LM1ZNM4UFKOJ7ZI89YHTR1ZV66,88,77,25,51,54,62
PRADIP ACHARYA,JPG8BTK9GJMLVJ9PBXITH5UD5OBUS11DIHOPJ1CNGJCPKPMEXX,96,39,67,57,42,56
DINESH JARGHA,35L9DGF7QI1NC5PU7AQFXYYHOH8I4GIT0P3V6WXVIHYQ3798VQ,16,87,39,79,53,91
HARI RAWAL,TU2KLLN6CUCH5NBK5EN7ZA03I7PWEX17PJFMXE7XMT737YDI4L,88,45,39,47,26,26
KRISHNA RAJBHANDARI,NDPYH6MIWT9FRXFV9TUGXFWCVHK1BCU6YRCWPH3HMUHVS5SOF4,65,89,51,82,55,64
SUSHIL SHARMA,H83DUJWF7UAE7UHD4M7KF3XH3FOBRFF3IQ9G3N29WALJL0Y508,16,94,67,66,95,54
HARI SHAH,R65UQJLH9CXNGCKEQQ3ZS8VSCLK6L609WN7QXIOQY1JEA5FMTQ,29,69,27,63,68,50
SANDIP SINGH,5M6GYQSTEMZ5L6BSVX0DYPJ32XOYDA0RRKUORIQSX5QOIJ9KIX,84,78,45,74,51,27
SUNITA ADHIKARI,VKI8NF5C4FGNJYTVWUN4725LWR8830AYJHM5987DYOVMB84EHD,16,98,93,21,33,51
AMIT RAJBHANDARY,7THM7EB9B8SFO1JV22FK6O9FO6GHF6K13R99R0NND34WTBQ9JX,90,55,51,25,52,100
ROSHAN JHA,D8FN6TYBMHTU16C1H34GLVBU6IKVGWKH4PIYAT4G759IHWZ8AZ,17,60,39,35,96,39
SANDIP THARU,GZ6C3DH0P6CSPD3CJYYLX84XKTOA67SQHMFH8GT6KX6SOQPW43,59,40,77,97,78,46
LAL SHAH,9BUYXC0GPHG6YOWBPA7V1VHCTRLIH7ACYWW70INAARVVITM72A,39,24,86,48,96,48
ANJALI KHAPANGGI,8FWQTSLJHI1QUE0BKWOMM1WGOLLSLY3ZF7A2EN0QP4OXA6LWUI,62,66,92,50,47,40
USHA AWAL,0QPVPBTH7Q8YOJ5210MSFOVTIJCVR0D8FUW4KK6EN1VM371MBM,100,22,64,41,80,87
RATNA SHAH,GSB9XJ3SQ0AGNG63DZQTI86M05QD6G2S85MR1LRPI8JUDK94MG,22,35,99,24,42,75
KALPANA DHANA,7IQ2S9DI3ESFALTMQHWDMTUGI5N2E9ZPJRSBE9516V9YPVIHGY,52,34,96,17,29,26
KUMAR BHANDARI,BBSQMAY9A2N4XR2RRI15M826349RTRQQHZO4RGW2VKMB9AN1VV,17,97,38,66,86,27
INDRA BHANDARI,ACBD5VT0UR0T6PLZ4GOOOPF7PSKPUT1E0PDJAJA95KJ67LU2JQ,59,93,27,24,92,86
SANDIP SUBEDI,KGSGRJ0SHFXM45P2NJRYA4XHCCWWB08LYOTMM826CVLSNNFIRF,35,78,71,93,26,34
MANISH SUBEDI,RN2AWNLH16KMWT74FIMBMKODQRYT52VDREZGHJ42RRXW06WBLW,93,55,18,19,87,77
INDRA GUVAJU,4IUT60L3NPGGWD69P15LYBB62EVWCKIP3U6OQIXHTAKNMM0N3R,81,43,20,98,86,42
SANDIP PANDEY,VNMRMW0DU9BOXZMLSJ9TSGG06SCBVWNQ3LO0K23YF6GGBXHA4V,15,87,62,65,18,28
BIBEK SHRESTHA,XJX01FD1FSIRIXF5IBR4F8IO77W8JHNST1PF7C0209UN4QVCT2,65,87,23,69,30,67
SHANKAR RANBANSHI,65JMLIC8X0MM7U2DDFQOMAOV9U7TPSGH149ONGCRBKUBXL70Y5,52,94,83,66,63,70
DHARMA CHAUDHARY,UYF3ZP82CF1DJFAZB4ZBPYPESR4524WVMO8YN2VNKO64U8DILQ,41,72,67,49,25,53
MANISH SINJALI,8SQSGF90ZP6IGTSEADFTPO3LCBY6DL33JE7VO6L9TBRPZNA6BH,76,98,44,19,96,32
JYOTI AWAL,HS0R10YFUZ187M5O3P5JBY1IU1NDU0ELU54Y9YEN3G9WW6Q9H6,28,28,79,40,59,55
HIRA LAMA,NP8Q5RYHI6MXB8W5R4J9EW2D49INDT4RS1U9LOWBU9IMG9SE39,92,21,67,46,30,25
INDRA SHAKYA,JA4HZULDMHWAX7JCEN3K2HSGBP5VNKYQZGMLQWB8EDXJBKTF85,97,82,85,74,41,22
RAVI RAJOPADHYAYA,SSQIAZ5H6GLPW7G6KE5D8AMEJNC5SX1CQ5YA55PUEXRWXX11UK,62,65,73,91,100,27
SHYAM AGRAWAL,I3P4CHKA8I9S7X4A0PZ6BBKM9BFAMCHIB9VUD93UT1XXWL5F9E,34,97,21,59,67,87
GANESH RAMAULI,C4VE3Y5HO2QG3QTF5I4XZLHGY6N7JPN86BHJJH0WJDN6UXNR9O,38,58,70,64,90,64
RAJENDRA KARKI,NH4L1LBF4PQ0NOCTN43E45IOOMA1Y9985SKJ4WCAZQ8A6S9Z6Q,59,65,21,22,94,84
RAJ TARAMI,3CNVJ7AA7XUBDQ8VC0H94JUPZGMW6S0EDPS13LXIJP49GZBWMQ,30,80,25,70,87,25
SHYAM RAUT,TQ46N5HGG880Y01SQBFFDFNK6NM434FWUXFE5RMRHO7L7G87TS,66,82,84,86,96,48
PRAKASH KEPCHHAKI,LWGDYAA1SNT9QAHI6VAE3VN7338CQ6GHQD65UIENHR24TESDH7,98,91,41,67,57,91
SHANTI PANDEY,649H1KJRCUMMBBUZ55SUWA5PIYMRK6ZXNF5PI0V76ZGD7HNE1W,34,65,91,49,64,57
ASHOK SHRESTHA,4B4CU67FO4UW8PL7URK9XNNMKYMC0AHKOA0IJABZ68N92JUKEG,100,63,91,38,95,48
RAMESH SOTI,6ML003WOD89WHBAZ0UOBBJYZ4FX8RTJP7Z313AG14HTS2JG6D4,69,56,53,39,59,86
RATNA THAKURI,0UPJW73TOSF1EY55F8F86WYUME3IB3RJAA32YF10TVKQEPGMQG,32,93,81,36,86,90
DIPAK AWAL,ZJJXEI0U0X9IHH4M5ZQ24YIRDBSPW2Z2HO5FC8SEBDXFF49NN7,76,49,30,74,40,95
KALPANA UPADHYAYA,Z9S6R3NOYRC046THWRAEGLHUICBUFG96BAYB65CEOMEKQYVZMH,98,88,20,83,16,69
GOPAL CHHETRI,6X27QBEF5OUOOI18U0QHVD9FO00JXFK74YCDCNL17M6VCGAGPM,42,32,41,61,39,52
RACHANA MAHARJAN,Z06XORNZOSE7GBZR4F2JSOZ7FUJOLZ3KVSDTFVC37MQ9BBNWL1,29,83,36,44,20,27
TARA PHOUNJA,FW7CXKM501TRQQ2AXZ8XEYALL01KSET09U8T6NF1OWFRWBISDW,41,37,72,53,53,97
ANIL CHHANTYAL,2J4GXE5SET0J9X184X6GHPJ5DCCAX7S4VPY70Y1EYQTQ7ZTXGQ,62,45,28,65,25,56
DEEPAK PURBACHHANE,S1B3K49LYITO6ARJXSHG986VKWG6SY6YLC3KUQG6GLX728MX8K,33,79,99,65,28,24
DHARMA KHAPANGGI,HWH6IQPH727MWANWA6XG2BWI0RQ0WWC2MU0OQ5QDXGV01QM3M7,88,46,52,98,75,47
SURENDRA MERINGCHING,VKIDUTBL9UZX7F7O8D4G4K42HI7WCZ3UQUME2NH65TB7IH9TRD,24,81,40,45,76,49
PANKAJ SERPUJA,QIB0ZWWGI9GCTD24BLIQYYMXFKUFJ9ZXA25SVPKZ54LP00Z6A6,97,93,79,77,75,96
LAL SINGH,K84CO6QVPY97JW8FRZH914XN8DOEDJYP6X0EPL1ATZBHZMY2XD,28,60,96,50,23,87
SUSHIL MOKTAN,Z8TFLVT2PXMXY251U96O1VGECGO1AY2BFL8BJDAMB16FFQMPH2,74,22,77,62,44,94
RAJ PHOUNJA,63ZD3ZTKYMC2GTHWLG0YOGJHRWJOX4QCD0ZNPDAJG5CVIT4TN3,77,93,72,44,60,67
SHYAM GAUTAM,1UN07C96SXTB1AO6Z6TEYCD6CO59SASRYP3HB0460LFA1X21TC,48,90,75,16,23,96
HIRA MAINALI,ZKGDU8A26FK6SZXDFMNRTAXC0G8OKYZ2Z7F0LZFHQ1LKY81C9R,63,80,83,89,71,72
GANESH BURA,N24VFC97KT4FV2F1CENTWTLPXGB21B27IAH701K3EB18F2VOD7,73,65,20,93,88,91
RAJENDRA THAKURI,851D2V1FXBS8OORD6NM899KLLA2J9CBPGW7JZ1DTEAJQT68CK9,76,50,61,21,74,48
RAJU ACHARYA,1IOZDYUTYPK84R99T36TZAZTI37JR3ZKV2RRQQMTGL735IQQBC,90,70,62,100,20,57
MANISHA PURBACHHANE,N4OD7VLJY6346D8ISZ0Q51OLXLAMMJCJFU5PLB4BUS8S1XMEGB,21,99,57,66,81,58
PRASHANT ALE,MRKEK5EBNE6E579WLUGRAXNSBI1BHX2SAACPJNTLYL9LFKX78R,73,61,99,42,28,99
ARJUN THARU,YXE3GHV9F1VZ0G91NIIVORYWWKTXQL7511YLV81ZIVIY8N0PJ7,83,15,63,33,98,53
RAJ PAUDEL,UZIIJJJG9OYLKP2RYGRV4KXHLS9PMWLAKNYTKYU3EKSLLFTOB9,16,36,41,84,49,47
RAMESH THAPA,RL8DPW4XNVO00K41OZIQ70JTGT0JINNMF139TC4NIV8A0WKW5U,87,22,63,36,21,20
ARJUN SINJALI,6NMUBNGBPM5P04KAYS5CEQXTQR07M6X9W7M2W0FLZFDRUMDGIP,33,79,52,58,56,62
BISHAL BUDHATHOKI,05VRXBWU2NO1J9NJFE0FXN2M84G8HVK7SL9OK99VZS9MGPAHV2,91,19,15,25,21,15
BIBEK ADHIKARI,XQ0U9KBR8ANR3FREFCGX2G1GFALXWUBMOIOPN8RRK0Y51B35IW,32,49,47,72,45,58
RATNA BAIJALI,0BAM47RUOVNWDT5TCVRJ7VGQH0LITIH2NPFPLAK7MFPZYG49A8,93,96,21,48,17,52
ANJALI ALE,T1BYT1TTEHF3OEFQ53SUGX23JAA64QJRP9NJ4J6MP1HUVBCSP0,93,28,29,48,70,95
RAJIV PURBACHHANE,53RKTZ8G3MRY37246PIFMLJTEI134H3GUJ1VIQ6OASORFQB0KN,28,97,27,53,68,53
RAJEEV SUWAL,X8CEHFR8ITXBY4S9I8XXEY3XB2N8O9U08WZZT94ZNJRB5UDR0D,45,64,46,93,62,78
MANISHA MERINGCHING,8ODSKOOV6CO8HKP20DW0WZBYPHEI69M26UEXL73LH4ZYSKHLXJ,49,68,24,58,79,18
ANIL PAKHRIN,GY01TADBT3646VMEXEZ2GCEQINANCTGHYLDD0GCSQQ1DCPGR3E,40,81,99,48,61,55
BISHAL SHRESTHA,NIQTYXGZPC9ZQ0L3N0HW7CYF2FXURQMRPBUY1GKLDCMAZGAJHY,26,53,40,17,40,87
KISHOR RANBANSHI,HTEVQV7HGLJ6VSLYUXYOJDZSHWQ3E4RY9YAPP52B0W2MQ0OCNR,85,44,36,41,72,70
SURYA RANA,BI98J0A1N9GXAH5CR4U7PH6WE1BS651AGJ3KCUFMH47K8IYG3O,63,97,64,26,79,82
NIRMALA MOKTAN,HLHPTSZTYC43IZDG95WLAITPRNCTM4YFNAZ2LIOYYX6ANBIAM3,45,20,69,15,75,100
SUNITA NEUPANE,2LSXUTFT86GD0NC2YEH6N5WOPLN782U8C6N0HGOI8MOBJ6SO7P,95,44,99,85,64,50
KISHOR ACHARYA,NA2ZPSWBEJ9N090JYMRFKUC0NJ8WTIE76URS1FGOFWD0EFWMIA,31,57,29,66,92,18
RACHANA MAHARJAN,XDK5G1SD6YB0UDWGB9U4TL67FZ9U2I2IJEJF35BAZDBFSFSZQ0,64,22,48,99,35,16
RAJANI PULAMI,XCAJ4BAX04SGV1573INJNU10D56UPRWK6AS5KZ2HDO86HKKS3F,19,31,61,58,86,40
SANJAY MISHRA,8D57HB2NULSVQLLP8ZA3R4PF4Q4XWZP6HU6MRKIMCS3GXII5PX,87,38,66,97,85,70
NISHA SUBEDI,1C2PWKGMS7OHKQ4P0JKY804XWBQO0U9I6NQTX30V5M92C9VACG,77,92,39,61,98,61
ASHOK BHATTARAI,6L433OPUMARDZK1GJ9CDPLS12X6SHSXG23R5TKAGFLCH4GZJAF,88,73,89,86,20,74
RAMESH PAUDEL,3DT7KBY2JDAHWVWDRGVWFB9XG774OM17RNCU139MJA6HF4Z8ZD,37,46,85,77,63,44
RISHI BISTA,JHK6XD9FOE3CA1R13NU5TB3RFUF4SAW94933845S48ZO7T86O3,66,63,89,15,87,89
SANDIP PAKHRIN,189DZS59BC7L30TL0WOSNM50MISLWZOUCLNMVETTUPBI33FI5I,32,34,35,77,95,69
ARJUN TAMANG,1G110R5DWHC7MW3X1FT2KKRSCDJOFXVPANW0080LRXMBZ3ZO2W,87,80,94,51,55,74
RAJESH KHADGI,D1E6KQA1NWB2K7WOG5JQF5PHS8PTWOMP4OPYI3CZRVH9S9L3A7,73,56,69,22,67,66
RAJESH KHAPANGGI,1P8Z4HV07BVTFF127QP7A31RJCVLY86JRUHV4NB80JZBS4C13H,15,21,58,57,68,37
SUNIL BHANDARI,ZSSX1AF7U610FCN7A4RG3FP82JPAO68ZH4O4GIEBBMD984159J,88,94,98,67,70,32
MANISHA MALLA,0WYUR7FAF605O27CTPDLUUUU6Z1LQM7DEJ4G9WYFDA8DSY50UL,21,88,67,39,17,45
SUSHILA RAJAN,PWXISTVP2N0G36COJ1BA4SU49VSLCM28B4C6XTG3SX1U8OOGCV,74,59,47,55,79,60
MANISH CHAND,PL2QT8SZRJZBNSLGLL1VCTAGGZXH7LBS4L8WBQ85S74OPM30YA,65,23,32,65,42,30
SANDIP PUN,O8LXES8XT6VC4HI0GKQQ5O6RDKW7RP7O5C5TZBHKLMT32YAD7P,53,68,16,41,54,34
KRISHNA GUVAJU,ODR0P7XGE5JJRAFCA0TC1FAAXY3Q955352MRJ35XSHZ9RX8W3M,93,29,29,35,89,49
HARI CHAUDHARY,1KSLII18A8LVBQLGH5VUIRZN36PJ8VPSU2V8L52AMSC9ZA4V98,88,43,58,32,73,59
CHANDRA MOKTAN,U7QWZH5T8ENUQQZQTKVXM7DLKDFWMN77D1TRBHCP205HN2LSEG,80,87,63,32,69,49
SURENDRA THAKURI,DEKD49IGO02P2LXG1BYP7PPQTWK99RQC4Z9EYX23MR8U76E9RW,94,43,95,81,58,45
USHA TAMANG,WMEUKYN8JBM04CT0E66XUOATS4ZU4VEN7HLKKS7DM0XL8OR6RP,16,86,70,72,33,60
RAM THARU,UYLH786YOT420YTT5SXBNAUB3CQM2BFE4AA5FP1CY6YYT7E0F8,49,99,33,95,42,100
RATNA PAUDEL,YZHUSRAK4ZP86V5UWW560W6IAYDOMQ772NRSBE2W2376END2NC,53,93,23,92,87,55
BISHAL THARU,SSVGCBICHI2HLO1TJ64NRU5ZPI8V6FHDCQZTIMGAIZSUM1ONVJ,24,78,59,74,32,94
SUNIL BISTA,XMNNV50H0RJ2UIH4K2FX0BSO5A6VBJX30XSW0XBUN47JPRI8DC,45,67,73,20,52,50
RAJU GHALE,TP8KMQCUBLLO7BVNDD8R12MZ9BWPES4Z9VI8H9V2CQJEHRVFY9,59,74,23,33,66,57
SUMAN PRADHAN,7P1M9UI2D3DRS9FK13VNV34HDN9H78TQER20WYEANA3X2Z8X97,94,36,53,20,28,55
MANISH GURMACHHAN,EYM4CC9IU95VSPC0ZPW4OJBHFMBR4TRS7BARKW8PZ91NEIRNYN,15,46,44,18,50,77
LAXMI AGRAWAL,29GRIQB3TR3PV93SO4EG8I548G2ZOQ27I7YDNY1RD3VDPEWLLH,23,53,66,100,39,17
RAM RANJITKAR,PE6T2Q12DRPJSKNSESOILJKRBCH37GTRC39P88C0BU615MLDV7,22,85,62,36,46,59
PRAKASH SUSLING,VV45CK37U62APZQM65TD3XPEL6EPETIVOQXJINK3K2X07I410E,54,100,31,45,65,35
PRAKASH NEUPANE,V0IKW223NEQ347NIK1POC1DZNY88LY8SJET3GWMYKUO60JSP4V,37,72,33,84,58,42
RAMESH PANDEY,R12AHE7OWGZOY9L2N6ENCTCF8E2HLP0LY653KYK5IJ4G0W1NV2,97,83,16,79,75,82
TARA GUVAJU,1JXNL2NUETZ2S5QELSG7C1GZOKW042V05MPDLF4IWXZSQCG4MA,69,19,88,97,85,22
RAMESH THAKUR,QTLNOP48LGLFMW6X1ZKZ7M2P0W6VWNON8AIOMDJH9UTYFK7MHK,66,44,36,55,25,29
SURENDRA NEUPANE,SBWO5MZTMRT6U9OFKWAG3AFABKQLRT05GFB7CJMSK2OOAWUJ33,94,22,85,97,38,77
ASHOK RAMJALI,I7FGBGHWJUIFBVAVD1BZDXRUEEN5G5MJN8N47G1B70W4NXSGUR,82,37,88,28,84,39
POOJA RAMJALI,7Q2NBBO8BNSXT73AFO8DCIBWQQ3YD6II4JRFS4OXFEGFO144KM,72,20,51,23,97,53
SHIVA PAUDEL,AUZP4MYF9EJ6ZQTB0VYWVI5WM197BDJIQVN5XCQ2D5TACSV3XN,21,92,57,39,69,48
SHYAM TAMANG,WGL9S373ZOFA5MPSO2ET8EQGKI8FS6HS0VP6SJGJJV4CH8LQWG,25,31,78,94,25,33
POOJA KHADKA,D7SDGNFDJ6KODRGKT7FBGCRXMBUG3VWUFYK2RKJ1XIAIEO8N8C,96,59,58,76,91,99
LAXMI ADHIKARI,6MZWLGFLN1WO113VUV5HST4OHWVPYW37H37UIMY36VL6UPRXE8,73,30,48,58,91,19
HARI MAINALI,LPNG998KVFGZCMQD44DH2SG2YXN425UL3JQTU12REKRQ7T1YNL,96,56,44,44,34,82
PANKAJ GIRI,SYWM9PD6DXA35ABT4YMM943QGDSUZ1MZBTTVNETX2HPI96SQM8,70,86,97,29,19,58
GANESH YADAV,48W3K32F142KKXHQLD9R6HPHGYBMIUCKAQWURXDN64UVCN8PYK,18,48,94,64,78,54
NARAYAN CHHETRI,ILM1I6CY2ZQ8NL3XTOG13G56ZY4TXTYPM9Q38I980EV40SFHCY,53,29,57,49,45,32
KALPANA GHALE,QUOS0GH6U2BKGFM3KYLB01LTKELFB5G2VUA88K2SFC8Y8O7EQR,92,76,46,24,77,29
LAL SERPUJA,VGP95G2DVLUR0BU6NREZWR91PEHJMFSNKCBLQ93H4GX0AQWRQR,34,43,45,81,49,80
LAXMI NAKARMI,59XFKY20F0PH0QMPRRGO3OWRCWNPVGQS4NB1F1SZVS8TAQ9JRL,62,51,70,72,54,98
RAJENDRA BAJRACHARYA,5LTQ0QFXBBVSG3RVJF9CTLAV1XQJQZDKBOJCLPAYKNI7MFY240,81,31,67,72,57,100
BISHAL SOTI,PF05E0GSX2VM4RR8PGSN66GUOS32H1DM9ICVFGJ0L654ALSUG1,81,80,59,88,54,97
KALPANA GAUTAM,8YBZKB2E638EUGJCGQKE8SR007GFXANPPCX1RECH6WSGK1E5E7,16,37,25,97,74,24
SURYA DANGOL,3AZXDOYHPXGWXM4FZSY3KQFCUD2Q3P5CL5YF8H1LOIZJ7PIBY2,64,94,30,71,23,53
BISHAL YONZON,NJCDMC96HPANNREELCX5GE51DT74H97ZM2JA098FXL9VNQCCYP,81,43,21,88,71,16
KIRAN SHAH,Z23F47BW8NIWVO05JQ185E3D623J9WU2TIPFQ22BNYJLJCNCN8,18,69,85,73,24,39
PRASAD BISTA,0GYNEPSYVVRHS392GGV3XB0G5KAH6TOL0ZURO82UNKJEKUB7KH,31,98,94,17,45,21
ARJUN BAIJALI,IK4Q09PSLSDJWDPPYG3CIYFMUUVJVSNNJP7FATFI1NP3851NXB,61,29,83,82,34,97
SANJAY MAHARJAN,AKNFGCNXUNG6KQZL7U03021BYGAIHW665CMLWERQL81B1VRCRY,85,19,72,88,83,90
SUNIL ACHARYA,7YECQEP112ESL5UET7ME90AF63ZA64THVR8OGD1PYU2SI7ZQV1,38,61,68,46,89,49
RAJU PATA,S3NONLRYW2FUZSDA7J131LCGQAPRSYAZF2FU7VZZKY7RF4JQSH,72,81,58,68,41,95
JYOTI BASNET,ST5F7GA3S6A4KI96ZPWG9LJUNYVRHD30M1Z9CRJEUF8JM2OZYL,21,79,50,48,76,20
SHYAM MERINGCHING,33DETERCP3TXPD7VBR1UVN9TVZEF9FRS8S0X357P31W1ELN0D0,37,40,64,63,44,33
PREM LAMICHHANE,5INN20DO7QT3ASV5BTMAXCRILMIRP8ED9MKURORXDRW65QJIP2,36,26,98,15,89,72
RAVI PATA,P86OHFDXVAM81HVC1MP7YQDNXAI2UNI5KVDJ2BWB0TYICTNO0F,56,46,85,48,20,97
PUJA KHADGI,XFO9CP7AN0YG2E0YN93CO8CM6TDVCFFWSFUTASD61JP2DOMELZ,22,35,30,37,17,24
RAJIV ALE,A2GFP23X4CVNJSM3VWSZVO1QJSVU5NAOJSMUSQFJEGYX7AHZTS,97,20,86,49,67,29
PRASHANT BURA,9DKSN9AIBOOPIRRY7M081RCADBV2DC3DXU7X1PQO1WFQIFVQNH,76,69,61,89,70,54
PRADIP THAKUR,EW9TJR28W3W83UKNET4P42TKZNNEEOYARGOFX5W62RYRU6141Q,19,84,94,67,78,58
RAJENDRA SHRESTHA,DQMLMKARCND38ULSILZ0K1TSLPW7ZK49UVTKVPZ07I3WOFF172,63,77,18,36,39,21
GANESH BURA,I2N92NNR9FO5TA0JJQZ4KUCMQXH883UEDQHLXYCEEBKYCEEY71,94,26,28,93,32,53
PRADIP PURBACHHANE,ANFSEEUUK2L3XDDQ5CAUDWEAH787HSO2TGUX92KI2CIODXSC7L,18,91,83,71,80,82
RAMESH PURBACHHANE,EQ7Y7GP54HD9LC52JX9P0H745EXOH7VO6PV819IJK45UDBG1CI,76,76,91,97,94,90
KAMALA DHENGA,9VTCZLT1U7EKMGJ2LDKOY9G9WDJSU6FYH6X7S6T0OLPJO48EGV,77,30,47,42,21,19
HIRA SHRESTHA,X0J0TO4AHKI3IFPPIYLQWBNQ5DXFG21HXDP2AYHIAP0KZSMRJ2,86,53,40,95,49,89
PREM MANDAL,W0O67WVQCOCB5QPH1H990ZP575M7TH2MS1R17DG4FJBCY4NZQ5,45,25,99,58,65,86
INDRA BHATTARAI,OKTO5LJR8046GEFSNBCHHTBTEQ1BTBVLS7K0T114AE6I3A921V,71,52,99,50,68,38
RAVI ALE,15K69LXALYACKRY6UBUVEH4P2O8CLYSBWE0JYSE8ELCG2VVWLP,61,95,59,20,59,65
SUSHIL SHARMA,JG7JNJFEIY8A3M1D1VQBPI603JK3MY04XRRO0M8SSYETGLLREB,32,99,32,44,97,79
NIRMAL RANBANSHI,VFA0Z5ZMNV787XQXYSZ168V0HHHFNYL42AZW63G6IW7E2EL50D,40,69,93,30,54,24
SURENDRA JOSHI,U1EIAWSIYF1BYIP7VBPSFUEI0BM9K3CT8OFB0OJVZUVYZ0J406,33,27,97,53,99,52
INDRA PAKHRIN,5HH7OBWWJVSPYBRQ3SEDP651TJM9HT1TYBJBLSR1E1RYKF64EL,51,66,22,33,93,74
NIRMAL BUDHA,5L8L78VTOZ2QXHMFTI7T9LCKE16T1IFE1YY1NU9R7XFUT7VGWM,91,86,27,75,44,68
JYOTI SAYAMI,J9X1S78ACNWI8EER03QCM5PTC5GOJY889BM68YBV84FTVVZYW2,98,41,72,59,60,50
SUSHILA MUMI,1A9BMON9NWQYT0UEBOA65M245NFFCNHIY55Z8RGMFF1EU95CY6,85,69,24,46,33,30
RAJU AGRAWAL,G2HYAN5JMR1XT986C0HOW8NJSIZY1PE4IVQ2GWIA28Q9140M9D,30,80,86,78,38,40
PRADEEP MAINALI,Z679KTGBGNO6PB57UTNC4D3VUCMY50FY6SD8O8OT04ZEEUTWPL,36,25,82,90,84,95
PANKAJ BUDHA,K7X3HB1UZUDEFLCNG2RU5YQ67X5KU76069QS94C1KF7UQ00293,58,60,98,86,40,93
KALPANA BURJA,3CKYUY4QWQF4CBJDLR4GVCJ5KOPXFMLLAIAFYLSR4BX0ZVEESP,33,51,69,88,51,78
ADITYA GHARTI,0I14KYY8DK5ZXJSKU4O6I2L6P2LS1XGBKA5A44VGUFH9NQO2HI,54,20,22,31,80,65
BISHAL BHATTARAI,SEZ8E1HVK5LMZZCTG0YHXT7YJRZBFJ8YDDXU7CM77GK518FQZN,53,64,47,34,77,92
SHANTI YADAV,RBNL8TA611QDSVNA78WWZ53QUZC6NM1FARIKV4MHHES4BVR9ZL,93,64,49,87,50,79
TARA GRANGJA,LJ3SKNQWH8M74WX8TCRA22NDSXL2D4ZE895J3R0U7OZPAN40XU,20,27,93,69,50,64
SANDEEP KHAPANGGI,4NXVUCG34W2FIXLQYYS0WP0MOP62MDDFINHKU1ZHQICUG86TPZ,79,77,34,54,15,81
RAJIV THAPA,5JCCZ2TEENOTC0AO4OG1AEUY53CBZZI7RTWENIRDO5J2XX0LK3,89,45,85,23,18,83
ANJALI PRADHAN,5DA4PD81E9ML6N0ZV4I2KZZ42D0JOEUCO6RPMP3HW3N9LG7QH4,75,79,98,25,26,19
RUPA SHAH,PLAXSM02BO95O8ZAHSX11ZNJ3I4C3EW6UW2WYDQHY96KFB7O7V,65,19,65,91,30,99
RAJENDRA DHENGA,47RSR56E9BL3EXUT5P27YSQPEO7D6FH8XO1KXUPWSU7X9IYZTE,67,58,60,23,86,28
PUSHPA SHAHI,D9PZH1TRW5DD9BISRWOUQN491LBLWJ2VEZTOOQ683C7QKM16KP,81,31,43,70,50,54
ARJUN DARLAMI,WH5DL4M1BDP31N00HC3OGZ1MJ9NBZJCKW5Q27ZNJJ9QBGH571S,57,25,53,36,22,19
SUSHIL SAYAMI,WI7NYRBUHYYJTAH7MFO5D2M7P41U46F2EZ8HRFED07NCHPS1ZL,93,69,97,41,38,72
BIBEK BURA,ITQUA4JQH7YK5GFZ1SE9NSH0IE8GSA6VI09YJA2TWF7YTLB0X1,33,98,53,43,25,22
NIRAJ BAJRACHARYA,NR242N1G6TXP5ZNAUSW7FIWB83SMZONRS9YLKRMODBSVTNFPU8,49,21,27,53,19,26
ANIL PANDEY,GBI8PFAXE9W5G9NFJ2KEHL9Z72V96438KTP2MPE7X2FG38DHDI,100,60,50,100,83,34
ARJUN SHAH,6W9B1J8OCVPDSVS0YL4YQMKDP0AYYS5VR5PHIPWUEZNH6E3M3P,35,83,56,65,95,33
PRAKASH BASNET,VK9JLF14FJ63C6QFHQGUNBW6I01CU410SAM0BRARYT5JCZ18XM,93,42,36,41,56,48
KAMAL DANGAL,P2D35H0BSAFZXM4IW8I6I5VZTYG2GIST9QPUEYCAGM1RBW3EXD,72,43,55,80,86,79
PRASAD CHAUDHARY,BFKQEYXDTXZAYTRT08LHHAD7BTTA6368WPBB29YM7TPAOD28MH,37,34,28,76,25,37
POOJA TAMANG,VUF80YW8ZBZNY97WQ08TACSP4W9UU4UCBYR4QTD8CPXOFXNG4G,28,48,55,75,79,37
MADHAV SUSLING,2D135CFVH7S06DLI7O8O25CIGGK34HWG9XJMW56ZESKZLDNHAG,32,28,41,80,94,37
NIRMALA RAJBHANDARY,XM0MWMQNZATCY1W700IQYRGE8QK3NPN3SUHZPR7MGFZTVRVR6Q,96,22,40,99,100,29
NIRMALA BALAMPAKI,3JUGLK59UB4Z3VTX9TOOAURK57IX0L3E4P3PWF61LXGALVHH36,50,93,42,38,89,33
DINESH DANGAL,RPQ2TPXYFV5SYIL8BYSI365PPOVJ2EBNPXZ2VOH26YN5QMQ5QB,67,63,43,26,86,96
SUNIL CHAUDHARY,YDDIIQOGJQ6VU4BK83V6OQEIMT0IUNCVR2I7MARGUWP9RJTYNB,88,61,98,30,43,30
SANDEEP RANJIT,UXY64YIRY1Q34X6UIJ0MINPCY1D6IMGQDXRO3UMPIVV636K6H7,18,63,36,15,58,89
SURAJ ALE,H5GIKFZXT124GYL89O3HT1LFSZYOYQZR0HA3BYLV98EO6Z4DAA,99,70,58,84,76,71
USHA PATA,H599ZM2KBI97K9FG6BVWQP1UI7QW7WFVUY4TX2PBIS9Z977Q1W,36,38,68,24,97,52
SUMAN RAJBHANDARY,3HIS4MGIGS8N3YMA41HGDEZPGTH87Q6VET9BBLANMS7C16KB24,99,17,76,93,54,69
PRADEEP RAWAT,DGQDDTV1XNGO3BK4ZVBCW8SIZA2HT84C34XOFBQVACYLBK7W94,65,61,31,73,44,92
ADITYA MOKTAN,XLI65M2QY1TSARW4U2LQH0A996MSQZZ4JURLJZFNRWKZ3MI708,93,79,56,34,33,71
MADHAV GAUTAM,JA5OO2TVB4YN2RT25QIM5RQS4IX3V7QH1CWEPAMMNZYEUC5PSO,72,65,74,52,46,73
KUMAR BHANDARI,4A9ABO1LHIZ4Z7QWM9B8979ERSAW01Z7T3SC0F0G57NH555WWD,58,98,39,52,83,96
SANDEEP BALAMPAKI,P9AUQWP2QLVUNAEW8537KPCJ0K3EMBJDRW2ZIPD5C57R31WH75,25,69,42,47,86,81
SURAJ BHANDARI,356SVZG5YEG0S214N2OAC3CB9ILMOWIZD7YRPDUWUR6DH8KGRV,85,64,37,33,20,72
NIRMAL BAJRACHARYA,7YZQBMBYDFHGGILOM50PDZOYMT7V7ZHAGRWBJDUK7X6C4POY56,61,100,42,70,81,91
RAJEEV RAWAL,XWW139FBNNY8VIKLU1H52WW0QRS9EXVRNGFNY5MM6I9O9SKWUW,16,90,90,40,64,53
PRASHANT PAUDEL,OGFZMQSYRYERP0XE4JE6AT4I87ZK8UH3ZGQKI211HYGM5G20LZ,83,60,60,92,38,57
NAMRATA MOKTAN,KXIUJDPJ2569BKBTWS6JK080BL9714RSQQUVR9KMSF982C1O2C,21,25,63,45,72,92
PRADIP PATA,OQU8YBPCL236AIODV7Y9EWC5C15YKDQ6UQRFIZECHXYIR5HDVZ,74,44,50,68,27,69
ASHOK RAMAULI,PO40MAR0HXCVLYAN10X4MPIZ1JIQCE1W1BK4DNSEP65EHSMUO9,72,64,56,81,70,85
DEEPAK TULADHAR,5VHDMEZTZXGIYE1ODDTSXH3T7QGPAOD79UIP5222MDRC69D6W3,38,73,97,53,48,100
SUMAN PURBACHHANE,2ZN60QIZFWC2T47CAA1QL99GL4FJRE8IHUY2ZPO51GUGPLHQAK,17,68,98,68,51,76
PUSHPA CHAND,VIVOECPK80D9ZN4J8YT1CNT6LE7NKCDKBAMT6JV0G49Y86ICV4,88,73,50,68,79,55
SURYA THARU,M8WPWL35KUQY1QY6CKYHZ2SQUCF36Z4M5UVRKTCC6HHKE20EBD,15,50,58,51,46,32
ARJUN MUMI,W15FVUAYUBFN1NDKHXSA3JL24P7IB1G46YYHEK98L7J4FGK2YF,20,59,44,75,43,93
MANISH SHAH,5LPHQTXJNQCGSTCS29CNGXN2IRRKTC0PARKM92A3O5OQTO5LZU,29,76,58,27,81,43
KAMALA POKHAREL,TRVFY8PPK0U3X6WOV6DRQMVE194RY9NNX7S2REEBJWEENDZXK8,91,43,18,48,41,82
PUSHPA PHOUNJA,854IAU6MKNQHX1UT50KEYUEXHY9T37O3OC5XDYI8MTBJXBEBPS,96,90,56,87,34,44
SUNIL MANDAL,5XFGHGOSRPNGWWUYOFKWZUQ7YC6JCXP8E02G7Y4CCF0VLNIMCL,95,80,23,25,51,32
ADITYA JOSHI,50ONGIZZ8Y36BOUDTPO8LB4Q8V7P6BG7XGCQ4XQ8ZXPAT0U3V0,91,89,71,69,89,18
SUSHIL MANDAL,QSB23S6UEOAKNPCKA307JH8OYBDHFXAZ4O7U2GOMBG04R1DA5S,42,98,78,55,70,35
SURENDRA KEPCHHAKI,05EZMTA9CJ0G49ZJHDLMQHFCMV8L8GBMLFWV8H9DLXU2VDVJ52,33,94,20,52,59,94
PUSHPA MUMI,22I76Q8SLC71279PFKDCSEWBMLBRWL9XH6FKSQK96AKYKECIDY,100,46,79,38,56,64
RAMESH MAINALI,43Z68KHI6ISYHGVAZM5M8MJGEYV108CS59BK9GS0DQ0T8QOPH0,98,78,48,59,27,60
RACHANA GHALE,K607OKJUQUQ2MR833GSE0T5KCE6WS0SN2AKT5A69IOZ50OURKD,37,62,28,53,45,70
KRISHNA BUDHA,5S1B9E2P1JLTSD0793L2BBB9ZSFXYXJQ1IDWC7H0YBFTXV25A0,95,36,27,79,85,66
LAXMI SOTI,WX7S2IM1WTW8EYH6D17CCX4X8N1K12BW9J2F2E5ZJM10KVWBZR,56,33,38,46,36,59
KALPANA RAJBHANDARY,GMTFE3C3TE2S12ZJP9WCIL1PI4BZEN2OPV6VIA54IYKWZABFM7,40,36,64,88,36,82
PRADEEP RAMAULI,0JHC1IS4EVBMAD9UWKQO2ITJ7ZPLZ6N9OCYHR2IFMO2J3OSODY,76,63,87,83,86,67
SURAJ SINGH,LJ73N3W9088JLVHZ6H9J47TQXVO1Q0YPM90F95A4N49THG5JLT,60,89,50,65,37,79
MANISHA RAWAT,40PRAU3P60NA8YCYZHPDGY2KN47FBQ49UYN60ZAUTY057ZWMJA,57,43,46,80,60,47
CHANDRA SINGH,UFK3RCMA0E7SHPFI5WOJOVWRUJGOR13A0PHDCM1KMR67EPNTDS,42,35,20,56,36,96
DINESH BAIJALI,ZNP0Y69GM0OBLB2TJ73SUZL7GXJLPI5CJL75H04NT5MB8P7UQH,33,96,98,35,44,67
SUSHILA THAKURI,2BUS241H8098K1DSW23FF1RS8GQRCXG0P08EY69M4L3MUTK6DF,77,51,77,68,25,99
JYOTI GRANGJA,H15U0GI3DIYZPXZ9QZ8GTTTU596J9OJV4N816PPE1N3QFFHQN9,29,38,83,23,65,78
